product_name,product_price(£),category
Magic Show,6.99,toys-and-games
FurReal Dazzlin' Dimples My Playful Dolphin,39.99,toys-and-games
Carnival Coin Push Machine,12.99,toys-and-games
Maine Ladder Shelf,35.0,homeware
Paw Patrol Casting Station,12.99,toys-and-games
Marvel Spidey & His Amazing Friends Super Pinball,12.99,toys-and-games
Electronic Ball Blaster,25.0,toys-and-games
Multifunction Keyboard,45.0,toys-and-games
LEGO Star Wars Obi-Wan Kenobi Jedi Starfighter,24.99,toys-and-games
Cra-Z-Compounds Kit,12.99,toys-and-games
Nestle Cheerios 300g,1.29,food-and-drink
Rainbow Inline Scooter,18.99,toys-and-games
Mega Baff Pack 12pk,12.99,toys-and-games
Wizarding World Harry & Voldermort Action Figure Set 2pk,29.99,toys-and-games
Baff Bombz 20pk,12.99,toys-and-games
Love & Hugs Party Hair Pack 15pc,12.99,toys-and-games
Pastazara Penne 500g,0.75,food-and-drink
Disney Encanto Folding In-line Scooter,15.99,toys-and-games
Remote Control Robot Football,30.0,toys-and-games
Kaleidoscope Ultimate Etch Art,12.99,toys-and-games
Table Football Championship Edition,12.99,toys-and-games
Minecraft Caves & Cliffs Ender Dragon Playset,19.99,toys-and-games
Carnival Coin Push Machine,12.99,toys-and-games
Paw Patrol Casting Station,12.99,toys-and-games
Marvel Spidey & His Amazing Friends Super Pinball,12.99,toys-and-games
Electronic Ball Blaster,25.0,toys-and-games
Multifunction Keyboard,45.0,toys-and-games
LEGO Star Wars Obi-Wan Kenobi Jedi Starfighter,24.99,toys-and-games
Cra-Z-Compounds Kit,12.99,toys-and-games
Rainbow Inline Scooter,18.99,toys-and-games
Mega Baff Pack 12pk,12.99,toys-and-games
Wizarding World Harry & Voldermort Action Figure Set 2pk,29.99,toys-and-games
Baff Bombz 20pk,12.99,toys-and-games
Love & Hugs Party Hair Pack 15pc,12.99,toys-and-games
Disney Encanto Folding In-line Scooter,15.99,toys-and-games
Remote Control Robot Football,30.0,toys-and-games
Kaleidoscope Ultimate Etch Art,12.99,toys-and-games
Table Football Championship Edition,12.99,toys-and-games
Minecraft Caves & Cliffs Ender Dragon Playset,19.99,toys-and-games
Harry Potter Terrarium,11.99,toys-and-games
Harry Potter Luminous Drawing Board,14.99,toys-and-games
Sonic the Hedgehog Giant Eggman Robot Battle Set,32.99,toys-and-games
Aqua Markers 50pk,20.0,toys-and-games
Viper Go Kart,120.0,toys-and-games
Huntsman Ambush Rifle,10.0,toys-and-games
Barbie Newborn Pups Playset,21.99,toys-and-games
Rock Legend Electronic Drumkit with Stool,30.0,toys-and-games
Tie Dye Creator with Tote Bag,12.99,toys-and-games
Super Slingshot Arena Game,12.99,toys-and-games
Frustration,12.99,toys-and-games
WWE Wrestlemania Superstar Ring & Figures Playset,29.99,toys-and-games
Hot Wheels Shark Transporter,12.99,toys-and-games
Make Your Own Super Spa Set,7.0,toys-and-games
Tri Ball X-Blaster,12.99,toys-and-games
Ultimate Paint by Numbers Kit - Wild Animals,12.99,toys-and-games
Kids Crystal Creations - 3-in-1 Totally Fun Kit,12.99,toys-and-games
Nerf Blaster Inline Scooter,24.99,toys-and-games
LEGO City Tractor,13.99,toys-and-games
LEGO City Holiday Camper Van,11.99,toys-and-games
Marvel Action Figures Collectors Pack,29.99,toys-and-games
Crayola Ultimate Light Board,16.99,toys-and-games
Star Wars The Child - Baby Yoda Plush Toy,16.99,toys-and-games
LEGO Large Creative Brick Box,32.99,toys-and-games
Paw Patrol Chase & Marshall Track Patrol,19.99,toys-and-games
Zuru Smashers Epic Dino Egg Collectibles Series 3,16.99,toys-and-games
Pastazara Penne 500g,0.75,food-and-drink
Zuru X Shot Chaos,12.99,toys-and-games
Disney Frozen Petite Adventure Gift Set 5pk,30.99,toys-and-games
The Ultimate Slime Kit,12.99,toys-and-games
Wired E-350 Electric Scooter,270.0,toys-and-games
LEGO Flower Bouquet,40.99,toys-and-games
LEGO Star Wars The Mandalorian Helmet,42.99,toys-and-games
LEGO 1960 Vespa 125,71.99,toys-and-games
LEGO Bonsai Tree,34.99,toys-and-games
LEGO Ideas Sonic the Hedgehog Green Hill Zone,52.99,toys-and-games
X-Shot FaZe Respawn Blaster,13.0,toys-and-games
Zuru X-Shot Chaos Meteor,12.99,toys-and-games
Kaleidoscope Sticker Mosaics - Wild Creatures,2.25,toys-and-games
Kaleidoscope Sticker Mosaics - Neon Nature,3.0,toys-and-games
ArtMaker Essentials: Manga,3.5,toys-and-games
Crystal Creations - Unicorn,4.0,toys-and-games
Crystal Creations - Elephant,4.0,toys-and-games
Crystal Creations - Deer,4.0,toys-and-games
Light Up Crystal Canvas - Owls,12.99,toys-and-games
Light Up Crystal Canvas - Tiger,12.99,toys-and-games
Light Up Crystal Canvas - Wolves,12.99,toys-and-games
Science & Play Scorpion Robot,24.99,toys-and-games
Cards Against Humanity Family Edition,26.99,toys-and-games
What Do You Meme Family Edition,19.99,toys-and-games
LEGO Speed Champions Fast & Furious 1970 Dodge Charger R/T,19.99,toys-and-games
The LEGO Speed Champions 007 Aston Martin DB5,17.99,toys-and-games
LEGO Star Wars Obi-Wan Kenobi vs Darth Vader,32.99,toys-and-games
LEGO Minecraft The Skeleton Dungeon,19.99,toys-and-games
Hasbro Keychain Games Super Pack 5pk,7.0,toys-and-games
Sky Hawk Aerial Drone,20.0,toys-and-games
Artmaker Ultimate Colouring Case,12.99,toys-and-games
Juicy Couture Glamour Jewellery Box 379pcs,12.99,toys-and-games
Shimmer & Sparkle Real Massaging Foot Spa,25.0,toys-and-games
Harry Potter Terrarium,11.99,toys-and-games
Kaleidoscope Ultimate Neon Colouring Case,12.99,toys-and-games
Harry Potter Luminous Drawing Board,14.99,toys-and-games
Glitter Make Up Case,14.99,toys-and-games
Cluedo,13.99,toys-and-games
Ultimate Crystal Creations - Wild Animals,12.99,toys-and-games
Science & Play Scorpion Robot,24.99,toys-and-games
Cards Against Humanity Family Edition,26.99,toys-and-games
What Do You Meme Family Edition,19.99,toys-and-games
LEGO Speed Champions Fast & Furious 1970 Dodge Charger R/T,19.99,toys-and-games
The LEGO Speed Champions 007 Aston Martin DB5,17.99,toys-and-games
LEGO Star Wars Obi-Wan Kenobi vs Darth Vader,32.99,toys-and-games
LEGO Minecraft The Skeleton Dungeon,19.99,toys-and-games
Hasbro Keychain Games Super Pack 5pk,7.0,toys-and-games
Sky Hawk Aerial Drone,20.0,toys-and-games
Artmaker Ultimate Colouring Case,12.99,toys-and-games
Juicy Couture Glamour Jewellery Box 379pcs,12.99,toys-and-games
Shimmer & Sparkle Real Massaging Foot Spa,25.0,toys-and-games
Harry Potter Terrarium,11.99,toys-and-games
Kaleidoscope Ultimate Neon Colouring Case,12.99,toys-and-games
Harry Potter Luminous Drawing Board,14.99,toys-and-games
Glitter Make Up Case,14.99,toys-and-games
Ultimate Crystal Creations - Wild Animals,12.99,toys-and-games
LEGO Technic McLaren Senna GTR,34.99,toys-and-games
LEGO Technic Monster Jam Grave Digger,13.99,toys-and-games
LEGO Minecraft The Trading Post,15.99,toys-and-games
LEGO Minecraft The Abandoned Mine,17.99,toys-and-games
LEGO Minecraft Bee Farm,15.99,toys-and-games
LEGO The Mandalorian & The Child,12.99,toys-and-games
Ultimate Etch Art Creations Set,12.99,toys-and-games
Star Wars The Child - Baby Yoda Plush Toy,16.99,toys-and-games
Make Your Own Bath Bomb Set,12.99,toys-and-games
Operation Board Game,16.99,toys-and-games
Monopoly Board Game,16.99,toys-and-games
Disney Pixar Cars Racing System Track,19.99,toys-and-games
Mario Kart RC Track,19.99,toys-and-games
LEGO Minecraft The Pig House,31.99,toys-and-games
LEGO Lightyear XL-15 Spaceship,39.99,toys-and-games
LEGO Black Panther Shuri's Sunbird,44.99,toys-and-games
LEGO Avatar Jake & Neytiri££s First Banshee Flight,29.99,toys-and-games
LEGO Avatar Neytiri & Thanator vs. AMP Suit Quaritch,27.99,toys-and-games
LEGO Harry Potter - Hogwarts Hospital Wing,34.99,toys-and-games
LEGO Marvel Miles Morales Figure,17.99,toys-and-games
LEGO Marvel Spider-Man Figure,24.99,toys-and-games
LEGO Marvel Spiderman Venom Figure,21.99,toys-and-games
Recon Quadcopter Drone,30.0,toys-and-games
Zuru X-Shot Turbo Fire & Fury 4 & Micro Blaster,20.0,toys-and-games
LEGO Harry Potter Hogwarts Moment Defence Class,23.49,toys-and-games
Zuru X-Shot 4 Blaster Combo Pack,20.0,toys-and-games
LEGO Formula E Porsche 99X Electric,29.99,toys-and-games
Knit-Tastic Knitting Station,15.0,toys-and-games
LEGO Star Wars Dark Trooper Attack,22.99,toys-and-games
Zuru X Shot - Max Attack,10.0,toys-and-games
100 Classic Board Games,6.99,toys-and-games
Mechanics Construction Set - Farm Equipment,12.99,toys-and-games
Mechanics Construction Set - Transport Trucks,12.99,toys-and-games
Zuru X-Shot Dread - Graffiti,12.0,toys-and-games
Zuru X-Shot Dread - Warzone,12.0,toys-and-games
Zuru X-Shot Dread - K.O.!,12.0,toys-and-games
Zuru X-Shot Dread - Apocalypse,12.0,toys-and-games
Zuru X-Shot Dread - Special Ops,12.0,toys-and-games
Zuru X-Shot Dread - Alpha,12.0,toys-and-games
Zuru X-Shot Last Stand - Faze,22.0,toys-and-games
Zuru X-Shot Last Stand - Game Over,22.0,toys-and-games
Zuru X-Shot Last Stand - Apocalypse,22.0,toys-and-games
Zuru X-Shot Last Stand - Graffiti,22.0,toys-and-games
Zuru 36pk Dart Refil Pack,4.0,toys-and-games
Zuru X Shot Excel Micro,3.0,toys-and-games
Watch Controlled Helicopter,12.99,toys-and-games
Nerf Fortnite Legendary Tac Blaster,45.0,toys-and-games
Zuru X-Shot Skins Flux 2pk,12.99,toys-and-games
Zuru X-Shot Excel Hawk Eye,12.99,toys-and-games
Zuru X-Shot Excel Xcess,12.99,toys-and-games
Nerf Elite Volt 2pk,12.0,toys-and-games
Nerf Minecraft Stormlander Hammer,22.99,toys-and-games
Nerf Elite 2.0 Ranger PD-5 Blaster,12.99,toys-and-games
McLaren 675LT Remote Control Car - Orange,25.0,toys-and-games
Lamborghini Aventador Remote Control Car - Orange,25.0,toys-and-games
Aston Martin Vintage Remote Control Car - Red,25.0,toys-and-games
Audi R8 Remote Control Car - Grey,25.0,toys-and-games
WWE Edge Action Figure,6.99,toys-and-games
WWE Elite Collection Mustafa Ali Action Figure,13.99,toys-and-games
WWE Roman Reigns vs Finn Balor Action Figures 2pk,13.99,toys-and-games
5 Surprise Mini Toy Brand Capsule,5.99,toys-and-games
Zuru Oosh Slime - Green,3.99,toys-and-games
Zuru Oosh Slime - Purple,3.99,toys-and-games
Zuru Oosh Slime - Silver,3.99,toys-and-games
Zuru X-Shot Turbo Fire Foam Blaster,15.0,toys-and-games
Zuru X-Shot Crusher Foam Blaster,30.0,toys-and-games
Mechanix Mech Motors - Combat,12.99,toys-and-games
Mechanix Mechanised Motors - Racing,12.99,toys-and-games
Monopoly Counterfeit,12.0,toys-and-games
Fidget Cubes Series (Assorted),3.99,toys-and-games
Apple Tree Toys Wooden Blocks,12.99,toys-and-games
Light Up Army Hideout Tent,22.0,toys-and-games
My Crawling Bear,12.99,toys-and-games
Dinosaur 3 Wheel Scooter,15.0,toys-and-games
Unicorn 3 Wheel Scooter,15.0,toys-and-games
Dog Hopper,12.99,toys-and-games
Sit 'n' Ride Red & Yellow,12.99,toys-and-games
Unicorn Sit n' Ride,12.99,toys-and-games
CoComelon Puzzle Playmat Set,12.99,toys-and-games
VTech Animal Fun Treehouse,32.99,toys-and-games
"Fisher-Price Click, Clack & Stack Gift Set",12.99,toys-and-games
Wooden Rocking Horse,15.0,toys-and-games
Dino Transporter,12.99,toys-and-games
3-Wheel Ride-On Motorbike,50.0,toys-and-games
Rock 'n' Ride Unicorn,49.99,toys-and-games
Teletubbies Super Soft Toys 4pk,20.0,toys-and-games
LED Inflatable Ball Pit,20.0,toys-and-games
Choo Choo Train with Sounds,25.0,toys-and-games
Pop Up Sensory Tent with Light,20.0,toys-and-games
Scruff-a-Luvs Evergreen Rainbow,14.99,toys-and-games
Peppa Pig School Bus Building Blocks,14.99,toys-and-games
In The Night Garden Sleepy Time Iggle Piggle,24.99,toys-and-games
Toddler Counting Jars 75pk,12.99,toys-and-games
Musical Piano Mat,12.99,toys-and-games
Toddler Workbench Shape Sorter,12.99,toys-and-games
Peppa Pig Plush Family 4pk,20.0,toys-and-games
Fisher-Price Little People Wheelies Batman Raceway Ride On,34.99,toys-and-games
Apple Tree Toys Wooden Blocks,12.99,toys-and-games
Light Up Army Hideout Tent,22.0,toys-and-games
My Crawling Bear,12.99,toys-and-games
Dinosaur 3 Wheel Scooter,15.0,toys-and-games
Unicorn 3 Wheel Scooter,15.0,toys-and-games
Sit 'n' Ride Red & Yellow,12.99,toys-and-games
Unicorn Sit n' Ride,12.99,toys-and-games
CoComelon Puzzle Playmat Set,12.99,toys-and-games
VTech Animal Fun Treehouse,32.99,toys-and-games
"Fisher-Price Click, Clack & Stack Gift Set",12.99,toys-and-games
Kids Against Maturity,19.99,toys-and-games
Scrabble Original,13.99,toys-and-games
Brick by Brick Heroes Figure Collection 40pk,12.99,toys-and-games
Brick by Brick Classic Figure Collection 40pk,12.99,toys-and-games
Make Your Own Super Spa Set,7.0,sports-and-leisure
Ultimate Etch Art Creations Set,12.99,sports-and-leisure
Dog Hopper,12.99,toys-and-games
Forever Bracelets 2-in-1 Jewellery Set,12.99,sports-and-leisure
Crayola Activity Set & Carry Case 75pc,12.99,sports-and-leisure
Sticker Machine,12.99,sports-and-leisure
Play-Doh Mountain of Colours Play Set 20pc,12.99,sports-and-leisure
Crayola Ultimate Light Board,16.99,sports-and-leisure
The Ultimate Slime Kit,12.99,sports-and-leisure
Colour Your Own Unicorn Cushion,12.99,sports-and-leisure
Hobby World Pottery Wheel,12.99,sports-and-leisure
Hobby World 2-in-1 Tabletop Art Centre,12.99,sports-and-leisure
Hobby World Clear PVA Glue - Clear,1.5,sports-and-leisure
Hobby World Clear PVA Glue - Blue,1.5,sports-and-leisure
Hobby World Clear PVA Glue - Red,1.5,sports-and-leisure
Hobby World Ultimate Brush Set 20pc,2.5,sports-and-leisure
Play-Doh Create It Kit - Makin' Faces,8.0,sports-and-leisure
Play-Doh Create It Kit - Makin' Shapes,8.0,sports-and-leisure
Play-Doh Create It Kit - Makin' Animals,8.0,sports-and-leisure
Spider-Man Artist Pad,2.99,sports-and-leisure
Frozen 2 Artist Pad,2.99,sports-and-leisure
Marvel Avengers Artist Pad,2.99,sports-and-leisure
Disney Princess Artist Pad,2.99,sports-and-leisure
Toy Story 4 Artist Pad,2.99,sports-and-leisure
Peppa Pig Artist Pad,2.99,sports-and-leisure
Make Your Own Super Spa Set,7.0,sports-and-leisure
Ultimate Etch Art Creations Set,12.99,sports-and-leisure
Forever Bracelets 2-in-1 Jewellery Set,12.99,sports-and-leisure
Crayola Activity Set & Carry Case 75pc,12.99,sports-and-leisure
Sticker Machine,12.99,sports-and-leisure
Play-Doh Mountain of Colours Play Set 20pc,12.99,sports-and-leisure
Crayola Ultimate Light Board,16.99,sports-and-leisure
The Ultimate Slime Kit,12.99,sports-and-leisure
Colour Your Own Unicorn Cushion,12.99,sports-and-leisure
Make Your Own Bath Bomb Set,12.99,sports-and-leisure
Hobby World Pottery Wheel,12.99,sports-and-leisure
Hobby World 2-in-1 Tabletop Art Centre,12.99,sports-and-leisure
Hobby World Clear PVA Glue - Clear,1.5,sports-and-leisure
Hobby World Clear PVA Glue - Blue,1.5,sports-and-leisure
Hobby World Clear PVA Glue - Red,1.5,sports-and-leisure
Hobby World Ultimate Brush Set 20pc,2.5,sports-and-leisure
Pedigree Vital Protection Dog Food in Jelly 12pk - Senior,4.49,pets
Cesar Country Kitchen Dog Food 8 x 150g,5.49,pets
Pedigree Puppy Dog Food in Jelly 12pk,4.49,pets
Pedigree Dog Food in Gravy 12pk,4.49,pets
Pedigree Dog Food in Jelly 12pk,4.49,pets
Chappie Dog Food 6 x 412g,5.99,pets
Butcher's Puppy Meaty Chunks in Jelly Tins 6 x 400g,4.35,pets
Pedigree Vital Protection Dog Food in Jelly 12pk - Senior,4.49,pets
Bakers Meaty Meals Adult Small Dry Dog Food Chicken 1kg,2.75,pets
Pets Pantry Complete Meaty Chunks Beef 2.75kg,3.69,pets
Pets Pantry Complete Meaty Chunks Chicken 2.75kg,3.69,pets
Bakers Meaty Meals Adult Dry Dog Food Beef 1kg,2.75,pets
Bakers Dry Dog Food Beef with Vegetables 3kg,6.49,pets
Bakers Dry Dog Food Chicken & Vegetables 3kg,6.49,pets
Webbox Rufus Complete Worker With Beef 15kg,9.49,pets
Cheese Bone Dog Chew 160g - Large,7.99,pets
Misfits Scruffy Bites 180g,1.29,pets
"Happy Sushi Rolls Dog Treats 112g - Fish, Rice & Seaweed",2.5,pets
"Happy Sushi Rolls Dog Treats 112g - Chicken, Rice & Seaweed",2.5,pets
POW Roar Some Bites - Duck,2.19,pets
POW Roar Some Bites - Chicken,2.19,pets
Sweetie Paws Pawtisserie Meaty Sweetie,2.5,pets
Sweetie Paws Pawtisserie Meaty Chocs,2.5,pets
Cheese Bone Dog Chew 160g - Large,7.99,pets
Misfits Scruffy Bites 180g,1.29,pets
"Happy Sushi Rolls Dog Treats 112g - Fish, Rice & Seaweed",2.5,pets
"Happy Sushi Rolls Dog Treats 112g - Chicken, Rice & Seaweed",2.5,pets
POW Roar Some Bites - Duck,2.19,pets
POW Roar Some Bites - Chicken,2.19,pets
Sweetie Paws Pawtisserie Meaty Sweetie,2.5,pets
Sweetie Paws Pawtisserie Meaty Chocs,2.5,pets
Sweetie Paws Pick & Mix Meaty Beans,2.5,pets
Sweetie Paws Pick & Mix Meaty Pops,2.5,pets
Sweetie Paws Bakery Meaty Cookies - Mini,2.5,pets
Sweetie Paws Bakery Meaty Cookies - Large,2.5,pets
POW Medium Meaty Twists,2.5,pets
POW Jumbo Twists with Meaty Outer Layer,2.5,pets
POW Grillers Flame Grilled Style - T Bone,2.69,pets
POW Grillers Flame Grilled Style - Ribs,2.69,pets
POW Grillers Flame Grilled Style - Kebabs,2.69,pets
POW Grillers Flame Grilled Style - Drumsticks,2.69,pets
POW Buddies Ollie the Pig Porky Tails,2.19,pets
POW Buddies Molly the Cow Beefy Tails,2.19,pets
POW Buddies Ollie the Pig Pork Chews,2.19,pets
POW Buddies Molly the Cow Beef Chews,2.19,pets
Pedigree Misfits Wonky Chomp 2pk,1.29,pets
Scooby Snacks Scrappy-Doo Mini Soft Bites 200g - Peanut Butter,1.5,pets
Dr Barker Pill Pals 80g,0.39,pets
Gusto Mini Steaks Dog Treats 130g,2.19,pets
Gusto Steak Strips Dog Treats 140g,2.19,pets
Doggie Delights Dog Treats 175g - Chicken Dumbbell,2.0,pets
Doggie Delights Dog Treats 175g - Chicken Popcorn,2.0,pets
Doggie Delights Dog Treats 190g - Beef Strips,2.0,pets
Doggie Delights Dog Treats 190g - Chicken Strips,2.0,pets
Doggie Delights Dog Treats 160g - Duck Soft Bones,2.0,pets
Doggie Delights Dog Treats 160g - Chicken Soft Bones,2.0,pets
Doggie Delights Dog Treats 160g - Chicken Jerky Fillets,2.0,pets
Doggie Delights Dog Treats 160g - Sweet Potato & Chicken,2.0,pets
Doggie Delights Dog Treats 125g - Mini Chicken Whirls,2.0,pets
Doggie Delights Dog Treats 160g - Chicken Whirls,2.0,pets
Cheese Bone Dog Chew 53g - Small,2.99,pets
Scooby Snacks Choc Drops 200g - Milk,1.69,pets
Scooby Snacks Choc Drops 200g - Peanut Butter,1.69,pets
Pedigree Biscrok Original Dog Treats 500g,1.39,pets
Fisherman's Dog Treats 100g - Salmon Sticks,1.99,pets
Fisherman's Dog Treats 100g - Salmon Buttons,1.99,pets
Fisherman's Dog Treats 100g - Mini Salmon Slices,1.99,pets
Fisherman's Dog Treats 100g - Salmon Slices,1.99,pets
Fisherman's Dog Treats 100g - Cod Knots,1.99,pets
Fisherman's Dog Treats 100g - Sushi Twisters,1.99,pets
Scooby Snacks Drumstick Delights 700g,3.25,pets
Reward Dog Treats 700g - Chewy Bones,3.25,pets
Reward Dog Treats 700g - Crunchy Bones,3.25,pets
Purina Go-Cat Food - Chicken & Turkey 750g,1.99,pets
Purina Go-Cat Food - Herring & Tuna 750g,1.99,pets
Purina Go-Cat Food - Duck & Chicken 750g,1.99,pets
Purina Go-Cat Food - Chicken & Turkey 750g,1.99,pets
Purina Go-Cat Food - Chicken & Turkey 750g,1.99,pets
Purina One Cat Food - Salmon 800g,4.29,pets
Purina One Cat Food - Chicken 800g,4.29,pets
Iams Cat Food - Chicken 800g,4.69,pets
Sheba Classics Ocean Selection in Terrine 8 x 85g,3.49,pets
Classic Jumbo Pack Cat Food in Jelly 40 x 100g,10.99,pets
Sheba Classics Ocean Selection in Terrine 12 x 85g,4.29,pets
Sheba Classics Ocean Selection in Terrine 8 x 85g,3.49,pets
Classic Jumbo Pack Cat Food in Jelly 40 x 100g,10.99,pets
Sheba Classics Ocean Selection in Terrine 12 x 85g,4.29,pets
Whiskas Dentabites Cat Treats with Chicken 50g,1.15,pets
Garfield Supremies 300g - Chicken & Cheese,3.25,pets
Garfield Supremies 300g - Salmon,3.25,pets
Pedigree Christmas Gift Box 512g,4.0,pets
Lokken 2 Cube Shelving Unit - Grey,12.0,homeware
Maine Ladder Shelf,35.0,homeware
Lokken 4 Cube Basket Storage Unit - White,25.0,homeware
Lokken Shoe Storage,38.0,homeware
Lokken Floating Shelf 100cm - Black,15.0,homeware
Maine 3 Tier Corner Shelving - White,15.0,homeware
Tromso Round Multi-Section Shelf,18.0,homeware
Lokken Floating Shelf 100cm - White,15.0,homeware
Lokken Floating Shelf 100cm - Oak,15.0,homeware
Lokken 2 Cube Basket Storage - White,15.0,homeware
Tromso 3 Tier Corner Shelf,18.0,homeware
Lokken Tall 4 Cube Basket Storage Shelves - White,25.0,homeware
Lokken 5 Tier Corner Shelving - White,38.0,homeware
Lokken 1-2-3 Shelving Unit & Baskets - White,38.0,homeware
Lokken Display Wall Shelf - Black,7.0,homeware
Lokken 6 Cube Basket Storage Shelf - Oak,38.0,homeware
Lokken 6 Cube Basket Storage Shelf - White,38.0,homeware
Tromso Set of 3 Shelves,20.0,homeware
Tromso Shelf with Rail,10.0,homeware
Tromso Tall Multi-Section Shelf,25.0,homeware
Tromso Triangle Shelf,7.0,homeware
Lokken Bookcase - Oak,32.0,homeware
Lokken Bookcase - White,32.0,homeware
Tromso 1 Tier Wide Shelf,15.0,homeware
Tromso Narrow 2 Tier Shelf,15.0,homeware
Tromso 1 Tier Shelf,10.0,homeware
Norsk High Gloss Shelf 90cm - White,14.0,homeware
Maine Ladder Shelf - Grey,25.0,homeware
Tromso Multi-Section Shelf - Gold,8.0,homeware
Tromso Square Multi-Section Shelf - Black,12.0,homeware
Lokken Display Wall Shelf - White,12.0,homeware
Lokken 2 Cube Shelving Unit - Grey,12.0,homeware
Maine Ladder Shelf,35.0,homeware
Lokken 4 Cube Basket Storage Unit - White,25.0,homeware
Lokken Shoe Storage,38.0,homeware
Lokken Floating Shelf 100cm - Black,15.0,homeware
Maine 3 Tier Corner Shelving - White,15.0,homeware
Tromso Round Multi-Section Shelf,18.0,homeware
Lokken Floating Shelf 100cm - White,15.0,homeware
Lokken Floating Shelf 100cm - Oak,15.0,homeware
Lokken 2 Cube Basket Storage - White,15.0,homeware
Tromso 3 Tier Corner Shelf,18.0,homeware
Lokken Tall 4 Cube Basket Storage Shelves - White,25.0,homeware
Lokken 5 Tier Corner Shelving - White,38.0,homeware
Lokken 1-2-3 Shelving Unit & Baskets - White,38.0,homeware
Lokken Display Wall Shelf - Black,7.0,homeware
Lokken 6 Cube Basket Storage Shelf - Oak,38.0,homeware
Lokken 6 Cube Basket Storage Shelf - White,38.0,homeware
Tromso Set of 3 Shelves,20.0,homeware
Tromso Shelf with Rail,10.0,homeware
Tromso Tall Multi-Section Shelf,25.0,homeware
Tromso Triangle Shelf,7.0,homeware
Lokken Bookcase - Oak,32.0,homeware
Lokken Bookcase - White,32.0,homeware
Tromso 1 Tier Wide Shelf,15.0,homeware
Tromso Narrow 2 Tier Shelf,15.0,homeware
Tromso 1 Tier Shelf,10.0,homeware
Norsk High Gloss Shelf 90cm - White,14.0,homeware
Maine Ladder Shelf - Grey,25.0,homeware
Tromso Square Multi-Section Shelf - Black,12.0,homeware
Lokken Display Wall Shelf - White,12.0,homeware
Lokken Display Wall Shelf - Grey,7.0,homeware
Botanist Wall Shelf - Black,10.0,homeware
Urban Paradise Natural Shelf 28cm - Natural,6.0,homeware
Urban Paradise Shelf 28cm - Black,4.0,homeware
Norsk Wall Unit - Grey,20.0,homeware
Lokken Multi Section Shelf - Oak,8.0,homeware
Maine 3 Tier Corner Shelving - Grey,12.0,homeware
Malvern Shelf with Gold Bracket 80cm - Black,6.0,homeware
Malvern Shelf with Gold Bracket 80cm - White,6.0,homeware
Aspen Cushion - Sage,10.0,homeware
Aspen Faux Fur Cushion - Green,10.0,homeware
Home Collection Faux Mink Throw - Coconut Milk,20.0,homeware
Oakwood Throw - Brown,20.0,homeware
Cable Knit Sherpa Throw - Navy,15.0,homeware
Cable Knit Sherpa Throw - Red,15.0,homeware
Cable Knit Sherpa Throw,15.0,homeware
Fleece Cable Knit King Duvet Set - Cream,35.0,homeware
Fleece Cable Knit Double Duvet Set - Cream,30.0,homeware
Harris Check Brushed Cotton King Duvet Set with Pipe - Grey,25.0,homeware
Harris Check Brushed Cotton Double Duvet Set with Pipe - Grey,20.0,homeware
Fleur Green King Duvet Set with Contrast Pipe,17.0,homeware
Fleur Green Double Duvet Set with Contrast Pipe,15.0,homeware
Alba Natural Home Geo King Duvet Set with Pipe,17.0,homeware
Alba Natural Home Geo Double Duvet Set with Pipe,15.0,homeware
Coco Stripe Jacquard King Duvet Set - Green,30.0,homeware
Coco Stripe Jacquard Double Duvet Set - Green,25.0,homeware
Lara King Duvet Set - Khaki,25.0,homeware
Lara Double Duvet Set - Khaki,20.0,homeware
Rubin Crinkle King Duvet Set with Ties - Mink,25.0,homeware
Rubin Crinkle Double Duvet Set with Ties - Mink,20.0,homeware
Roma Brushed Herringbone King Duvet Set - Natural,25.0,homeware
Roma Brushed Herringbone Double Duvet Set - Natural,20.0,homeware
Aspen Cushion - Sage,10.0,homeware
Aspen Faux Fur Cushion - Green,10.0,homeware
Home Collection Faux Mink Throw - Coconut Milk,20.0,homeware
Oakwood Throw - Brown,20.0,homeware
Cable Knit Sherpa Throw - Navy,15.0,homeware
Cable Knit Sherpa Throw - Red,15.0,homeware
Cable Knit Sherpa Throw,15.0,homeware
Fleece Cable Knit King Duvet Set - Cream,35.0,homeware
Fleece Cable Knit Double Duvet Set - Cream,30.0,homeware
Harris Check Brushed Cotton King Duvet Set with Pipe - Grey,25.0,homeware
Harris Check Brushed Cotton Double Duvet Set with Pipe - Grey,20.0,homeware
Fleur Green King Duvet Set with Contrast Pipe,17.0,homeware
Fleur Green Double Duvet Set with Contrast Pipe,15.0,homeware
Alba Natural Home Geo King Duvet Set with Pipe,17.0,homeware
Alba Natural Home Geo Double Duvet Set with Pipe,15.0,homeware
Coco Stripe Jacquard King Duvet Set - Green,30.0,homeware
Coco Stripe Jacquard Double Duvet Set - Green,25.0,homeware
Lara King Duvet Set - Khaki,25.0,homeware
Lara Double Duvet Set - Khaki,20.0,homeware
Rubin Crinkle King Duvet Set with Ties - Mink,25.0,homeware
Rubin Crinkle Double Duvet Set with Ties - Mink,20.0,homeware
Roma Brushed Herringbone King Duvet Set - Natural,25.0,homeware
Roma Brushed Herringbone Double Duvet Set - Natural,20.0,homeware
Ariana Velvet Cushion,8.0,homeware
Luna Waffle King Duvet Set - Dark Green,20.0,homeware
Luna Waffle Double Duvet Set - Dark Green,18.0,homeware
Oscar Velvet King Duvet Set - Dark Green,30.0,homeware
Oscar Velvet Double Duvet Set - Dark Green,25.0,homeware
Lara King Duvet Set - Sage,25.0,homeware
Lara Double Duvet Set - Sage,20.0,homeware
Chunky Sherpa Throw - Mink,16.0,homeware
Indigo Tufted Stripe Cushion with Tassels - Sage,12.0,homeware
Tribal Mono Tufted Cushion - Black/White,12.0,homeware
Cotton Waffle Cushion - Green,10.0,homeware
Basket Weave Velvet Cushion - Sage,12.0,homeware
Eden King Duvet Set - Green,20.0,homeware
Eden Double Duvet Set - Green,18.0,homeware
Waffle Faux Fur Cushion 48 x 48cm - Cream,10.0,homeware
Luna Waffle King Duvet Set - Natural,20.0,homeware
Luna Waffle Double Duvet Set - Natural,18.0,homeware
Aspen Faux Fur Cushion 48 x 48cm - Dark Green,8.0,homeware
Oakwood Cushion - Brown,10.0,homeware
Kent Faux Fur Cushion - Brown,12.0,homeware
Apple Decorations 6pk,5.0,homeware
Woodland Nature Berry Candle - Gold Glitter,7.0,homeware
Woodland Nature Berry Candle - Silver Glitter,7.0,homeware
Woodland Nature Berry Candle - Red Glitter,7.0,homeware
Woodland Nature Stag Candle - Sandalwood & Tonka,5.0,homeware
Hanging Wicker Heart - White,2.5,homeware
Hanging Wicker Heart - Red,2.5,homeware
Metal Hanging Stag,3.0,homeware
Christmas Tealight Holder - Merry Christmas,2.5,homeware
Christmas Tealight Holder - Reindeer,2.5,homeware
Framed Candle Holder,4.0,homeware
Hedgehog Ornament,6.0,homeware
Hunter Fur Geo Double Sided Cushion,12.0,homeware
Woven Cushion - Chestnut,8.0,homeware
Arctic Sable Faux Fur Cushion 48 x 48cm - Cream,10.0,homeware
Microplush Rug 110 x 160cm - Mink,25.0,homeware
Microplush Rug 60 x 110cm - Mink,12.0,homeware
Candle with Foliage - Snuggle Season,4.0,homeware
Candle with Foliage - Let's Get Cosy,4.0,homeware
Candles with Wreath 2pk - Berry,5.0,homeware
Candles with Wreath 2pk - Acorn,5.0,homeware
Antler Tealight Holder,8.0,homeware
Candle with Foliage - Red,2.5,homeware
Candle with Foliage - Green,2.5,homeware
Candle with Foliage - Cream,2.5,homeware
White Vase with Berries,6.0,homeware
Bleached Flowers in Amber Vase,8.0,homeware
Mushroom Trinket Tray,2.0,homeware
Stag Tealight Holder,5.0,homeware
Spaceways 4 Tier Extendable Shoe Rack,16.0,homeware
Spaceways Padstow Metal Coat Stand - White,22.0,homeware
Spaceways Padstow Metal Coat Stand - Black,22.0,homeware
Spaceways 2 Tier Garment Rail,18.0,homeware
Michigan 4 Tier Storage Unit,18.0,homeware
Alva Clothes Rail,20.0,homeware
Michigan Coat Rack With Shoe Storage,40.0,homeware
Spaceways Tall Shoe Rack,25.0,homeware
Spaceways 5 Tier Shoe Rack,10.0,homeware
Spaceways 4 Tier Extendable Shoe Rack,16.0,homeware
Spaceways Padstow Metal Coat Stand - White,22.0,homeware
Spaceways Padstow Metal Coat Stand - Black,22.0,homeware
Spaceways 2 Tier Garment Rail,18.0,homeware
Michigan 4 Tier Storage Unit,18.0,homeware
Alva Clothes Rail,20.0,homeware
Michigan Coat Rack With Shoe Storage,40.0,homeware
Spaceways Tall Shoe Rack,25.0,homeware
Spaceways 5 Tier Shoe Rack,10.0,homeware
Tromso Compact Desk,35.0,homeware
Lokken 3 Drawer Desk & Shelves - White,65.0,homeware
Fast Traxx Pro Performance Executive Chair - Grey,65.0,homeware
Heinrich White Desk with Shelves,70.0,homeware
Avesta Executive Office Chair,80.0,homeware
Norvik Desk with Shelves,60.0,homeware
Michigan Desk - White,50.0,homeware
Michigan Desk - Black,50.0,homeware
Hartley Executive Chair,70.0,homeware
Brody Swivel Chair,80.0,homeware
Lokken 3 Drawer Desk with Shelving - Grey,60.0,homeware
Tower Vortx Dual Basket Air Fryer 7.6L,99.0,homeware
Tower Vortx Dual Basket Air Fryer 7.6L,99.0,homeware
Heritage Collection Aspen Faux Fur Throw - Mink,16.0,homeware
Heritage Collection Aspen Faux Fur Throw - Charcoal,16.0,homeware
Home Collection Faux Mink Throw - Coconut Milk,20.0,homeware
Aspen Faux Fur Throw - Sage,16.0,homeware
Natural Sanctuary Two Tone Chunky Throw - Cream,10.0,homeware
Oakwood Throw - Brown,20.0,homeware
Aspen Throw - Black,16.0,homeware
Aspen Faux Fur Throw - Teal,15.0,homeware
Kendal Cream Teddy Sherpa Throw,18.0,homeware
Alba Waffle Sherpa Throw,15.0,homeware
Heritage Collection Aspen Faux Fur Throw - Mink,16.0,homeware
Heritage Collection Aspen Faux Fur Throw - Charcoal,16.0,homeware
Home Collection Faux Mink Throw - Coconut Milk,20.0,homeware
Silentnight Washable Pillows 4pk,20.0,homeware
Silentnight Extra Full Pillows 2pk,12.0,homeware
Silentnight Bounceback Pillow Pair,14.0,homeware
Silentnight Firm Support Pillows 2pk,16.0,homeware
Silentnight Bounceback Pillow Pair,12.0,homeware
Ribbed Ceramic Tealight Holder - Blush,3.0,homeware
Moon Trinket Dish - Green,2.0,homeware
Moon Trinket Dish - Blush,2.0,homeware
Small Donut Candle Holder,4.0,homeware
Ribbed Ceramic Tealight Holder - Cream,3.0,homeware
Blush Vase with Pampas,10.0,homeware
Pink Pampas in Ribbed Vase,5.0,homeware
Moon Wall Hanging,3.0,homeware
Eucalyptus in Vase,15.0,homeware
Agate Style Tray - Pink,2.5,homeware
Agate Style Tray - Cream,2.5,homeware
Gold Candle Holder - Moon,2.5,homeware
Gold Candle Holder - Star,2.5,homeware
Frosted Vase - Grey,8.0,homeware
Frosted Vase - Blush,8.0,homeware
Moon Oil Burner,4.0,homeware
Eco Deco Glass Tealight Holder - Blush,2.0,homeware
Eco Deco Glass Tealight Holder - Pink,2.0,homeware
Pink Candle Holder on Stand,4.0,homeware
Hurricane Candle Holder,5.0,homeware
Hurricane Candle Holder,5.0,homeware
Ceramic Ribbed Candle - White,5.0,homeware
Ceramic Ribbed Candle - Pink,5.0,homeware
Harmony Door Knobs 4pk,6.0,homeware
Iridescent Oil Burner,4.0,homeware
Minimalist Ceramic Vase,8.0,homeware
Donut Style Vase,6.0,homeware
Round Gold Mirror Tray,8.0,homeware
Jewellery Box - Bee,4.0,homeware
Jewellery Box - Dragonfly,4.0,homeware
Drawer Organiser 8pc,3.0,homeware
Adjustable Drawer Dividers 2pk,3.0,homeware
Jewellery Box - Bee,4.0,homeware
Jewellery Box - Dragonfly,4.0,homeware
Drawer Organiser 8pc,3.0,homeware
Adjustable Drawer Dividers 2pk,3.0,homeware
Coberg Bench Dining Set 3pc,110.0,homeware
Moden Velvet Chair - Blush,60.0,homeware
Loft Studio Velvet Dining Chair - Blush,50.0,homeware
Karina Bailey Velvet Dining Chairs 2pk - Grey,60.0,homeware
Spaceways 5 Piece Dining Set,80.0,homeware
Loft Studio Velvet Dining Chair - Grey,65.0,homeware
Rio 5 Piece Dining Set,100.0,homeware
Winter Berry Arrangement,8.0,homeware
Apple Decorations 6pk,5.0,homeware
Face Oil Burner,4.0,homeware
Hanging Wicker Heart - White,2.5,homeware
Hanging Wicker Heart - Red,2.5,homeware
Metal Hanging Stag,3.0,homeware
Christmas Tealight Holder - Merry Christmas,2.5,homeware
Christmas Tealight Holder - Reindeer,2.5,homeware
Christmas Oil Burner - Christmas Clove,4.0,homeware
Christmas Oil Burner - Candid Orange,4.0,homeware
Dried Flower Arrangement,8.0,homeware
Dried Grass Bunch,6.0,homeware
Tealight Holder - Gingerbread Man,2.5,homeware
Tealight Holder - Christmas Tree,2.5,homeware
Ribbed Ceramic Tealight Holder - Blush,3.0,homeware
Black Matches in A Bottle,4.0,homeware
Moon Trinket Dish - Green,2.0,homeware
Moon Trinket Dish - Blush,2.0,homeware
Small Donut Candle Holder,4.0,homeware
Terracotta Vase,8.0,homeware
Dried Black Bunny Tail Bunch,6.0,homeware
Ribbed Ceramic Tealight Holder - Cream,3.0,homeware
Face Planter,5.0,homeware
Dinner Candle Holder Bowl,3.5,homeware
Dinner Candle Stick Holders,4.0,homeware
Framed Candle Holder,4.0,homeware
Ceramic Oil Burner,4.0,homeware
Hedgehog Ornament,6.0,homeware
Candles with Wreath 2pk - Berry,5.0,homeware
Candles with Wreath 2pk - Acorn,5.0,homeware
Antler Tealight Holder,8.0,homeware
Black Ceramic Vase,8.0,homeware
Cane Magazine Rack,9.0,homeware
Jewellery Box - Bee,4.0,homeware
Winter Berry Arrangement,8.0,homeware
Apple Decorations 6pk,5.0,homeware
Face Oil Burner,4.0,homeware
Hanging Wicker Heart - White,2.5,homeware
Hanging Wicker Heart - Red,2.5,homeware
Metal Hanging Stag,3.0,homeware
Christmas Tealight Holder - Merry Christmas,2.5,homeware
Christmas Tealight Holder - Reindeer,2.5,homeware
Christmas Oil Burner - Christmas Clove,4.0,homeware
Christmas Oil Burner - Candid Orange,4.0,homeware
Dried Flower Arrangement,8.0,homeware
Dried Grass Bunch,6.0,homeware
Tealight Holder - Gingerbread Man,2.5,homeware
Tealight Holder - Christmas Tree,2.5,homeware
Ribbed Ceramic Tealight Holder - Blush,3.0,homeware
Goodmans Wireless Charging Alarm Clock Radio,30.0,homeware
Goodmans Wireless Charging Alarm Clock,25.0,homeware
Xbox Controller Alarm Clock - White,20.0,homeware
Xbox Controller Alarm Clock - Black,20.0,homeware
"Amber Textured Voile 55 x 90"" - White",7.99,homeware
"Popsicle Tab Top Voile 55 x 90"" - White Stars",6.99,homeware
"Popsicle Tab Top Voile 55 x 90"" - Grey Stars",6.99,homeware
"Tufted Leaf Voile 55 x 90"" - Sage",10.0,homeware
"Tufted Leaf Voile 55 x 90"" - Moonbeam",10.0,homeware
"Hampton Stripe Mink Voile 55 x 90""",10.0,homeware
"Willow Lace Tie Top Voile 55 x 90"" - Black",12.0,homeware
"Willow Lace Tie Top Voile 55 x 90"" - Natural",12.0,homeware
"Willow Lace Tie Top Voile 55 x 90"" - Charcoal",12.0,homeware
"Willow Lace Tie Top Voile 55 x 90"" - White",12.0,homeware
"Meadow Tassel Edge Mink Voile 55 x 90""",12.0,homeware
"Diamond Tufted Voile 55 x 90"" - Cream",10.0,homeware
"Diamond Tufted All Over Voile 55 x 90"" - Black",10.0,homeware
"Amber Plain Voile 55 x 90"" - Natural",8.0,homeware
"Amber Plain Voile 55 x 90"" - Navy",8.0,homeware
"Diamond Tufted All Over Voile 55 x 90"" - Grey",10.0,homeware
"Diamond Tufted All Over Voile 55 x 90"" - White",10.0,homeware
"Amber Textured Voile 55 x 90"" - Grey",8.0,homeware
"Traditional Lace Voile 55 x 90"" - Grey",8.99,homeware
"Traditional Lace Voile 55 x 90"" - Cream",8.99,homeware
"Traditional Lace Voile 55 x 90"" - White",8.99,homeware
"Charcoal Jasmine Sparkle Velvet Eyelet Curtain 90 x 90""",49.99,homeware
"Charcoal Jasmine Sparkle Velvet Eyelet Curtain 66 x 90""",39.99,homeware
"Charcoal Jasmine Sparkle Velvet Eyelet Curtain 46 x 72""",24.99,homeware
"Mystica Shimmer Thermal Lined Silver Curtain 66 x 90""",30.0,homeware
"Mystica Shimmer Thermal Lined Silver Curtain 66 x 72""",25.0,homeware
"Mystica Shimmer Thermal Lined Silver Curtain 46 x 72""",15.0,homeware
"Oakland Traditional Woven Grey Check Curtain 66 x 90""",39.99,homeware
"Oakland Traditional Woven Grey Check Curtain 66 x 72""",34.99,homeware
"Oakland Traditional Woven Grey Check Curtain 46 x 54""",19.99,homeware
"Oakland Traditional Woven Grey Check Curtain 46 x 72""",24.99,homeware
"Grey Blackout Eyelet Curtain 66 x 72""",34.99,homeware
"Colorado Hopsack Fully Lined Eyelet Curtain 66 x 72"" - Silver",29.99,homeware
Foldable Dinostar Moon Chair,18.0,homeware
"Colorado Hopsack Fully Lined Eyelet Curtain 46 x 72"" - Silver",19.99,homeware
"Colorado Hopsack Fully Lined Eyelet Curtains 46 x 54"" - Silver",14.99,homeware
"Versailles Silver Crushed Velvet Fully Lined Curtains 90 x 90""",49.99,homeware
"Versailles Silver Crushed Velvet Fully Lined Curtains 66 x 90""",39.99,homeware
"Versailles Silver Crushed Velvet Fully Lined Curtains 46 x 72""",24.99,homeware
"Versailles Silver Crushed Velvet Fully Lined Curtains 90 x 90""",60.0,homeware
"Versailles Silver Crushed Velvet Fully Lined Curtains 66 x 90""",45.0,homeware
"Versailles Silver Crushed Velvet Fully Lined Curtains 66 x 72""",40.0,homeware
"Versailles Silver Crushed Velvet Fully Lined Curtains 46 x 72""",30.0,homeware
"Versailles Silver Crushed Velvet Fully Lined Curtains 46 x 54""",25.0,homeware
"Charcoal Jasmine Sparkle Velvet Eyelet Curtain 90 x 90""",49.99,homeware
"Charcoal Jasmine Sparkle Velvet Eyelet Curtain 66 x 90""",39.99,homeware
"Charcoal Jasmine Sparkle Velvet Eyelet Curtain 46 x 72""",24.99,homeware
"Mystica Shimmer Thermal Lined Silver Curtain 66 x 90""",30.0,homeware
"Mystica Shimmer Thermal Lined Silver Curtain 66 x 72""",25.0,homeware
"Mystica Shimmer Thermal Lined Silver Curtain 46 x 72""",15.0,homeware
"Oakland Traditional Woven Grey Check Curtain 66 x 72""",34.99,homeware
Maine Bathroom Storage Unit - White,18.0,homeware
Maine 1 Drawer Unit - White,30.0,homeware
Maine White Tall Boy,60.0,homeware
Maine Under Sink Unit,40.0,homeware
Maine Under Sink Unit - Grey,35.0,homeware
Maine Bathroom Double Door Cabinet & Shelf - White,35.0,homeware
Maine Bathroom Single Door Mirror Cabinet,20.0,homeware
Maine 3 Tier Corner Shelving - White,15.0,homeware
Bjorn Undersink Cabinet,40.0,homeware
Bjorn Bathroom Tallboy,60.0,homeware
Norsk High Gloss Under Sink Cabinet,45.0,homeware
Norsk Undersink Unit - Grey,30.0,homeware
Maine Ladder Towel Rack,12.0,homeware
Norsk High Gloss Bathroom Mirror Cabinet,32.0,homeware
Maine 3 Tier Corner Shelving - Grey,12.0,homeware
Maine Bathroom Storage Unit - Grey,12.0,homeware
Maine Bathroom Storage Unit - White,18.0,homeware
Maine 1 Drawer Unit - White,30.0,homeware
Maine White Tall Boy,60.0,homeware
Maine Under Sink Unit,40.0,homeware
Maine Under Sink Unit - Grey,35.0,homeware
Maine Bathroom Double Door Cabinet & Shelf - White,35.0,homeware
Maine Bathroom Single Door Mirror Cabinet,20.0,homeware
Maine 3 Tier Corner Shelving - White,15.0,homeware
Bjorn Undersink Cabinet,40.0,homeware
Bjorn Bathroom Tallboy,60.0,homeware
Norsk High Gloss Under Sink Cabinet,45.0,homeware
Really Useful Nestable Storage Boxes 61L 3pk,55.0,homeware
Really Useful Nestable Storage Boxes 41L 3pk,55.0,homeware
Really Useful Nestable Storage Boxes 40L 3pk,46.0,homeware
Really Useful Nestable Storage Boxes 23.5L 3pk,34.0,homeware
Really Useful Nestable Storage Boxes 10.2L 3pk,22.0,homeware
Really Useful Nestable Storage Boxes 5.5L 3pk,20.0,homeware
Really Useful Nestable Storage Boxes 61L 3pk,55.0,homeware
Really Useful Nestable Storage Boxes 41L 3pk,55.0,homeware
Really Useful Nestable Storage Boxes 23.5L 3pk,34.0,homeware
Really Useful Nestable Storage Boxes 10.2L 3pk,22.0,homeware
Really Useful Nestable Storage Boxes 5.5L 3pk,20.0,homeware
Geo Microplush Rug 60 x 110cm - Ochre,10.0,homeware
Lexi Microplush Rug 110 x 160cm - Grey,20.0,homeware
Micro Plush Rug 110 x 160cm - Sage,25.0,homeware
Chunky Knit Rug 100 x 150cm - Sage,45.0,homeware
Micro Plush Rug 110 x 160cm - Black,25.0,homeware
Micro Plush Rug 110 x 160cm - Cream,20.0,homeware
Geo Microplush Rug 110 x 160cm - Grey,25.0,homeware
Microplush Geo Rug 110 x 160cm - Blush,19.99,homeware
Microplush Rug 110 x 160cm - Silver,25.0,homeware
Micro Plush Rug 110 x 160cm - Blush,19.99,homeware
Lokken 2 Cube Shelving Unit - Grey,12.0,homeware
Mobel Storage with Bookshelves,35.0,homeware
Maine Ladder Shelf,35.0,homeware
Lokken 4 Tier Ladder Shelf Unit,40.0,homeware
Lokken Tall 4 Cube Storage Unit with 2 Baskets,25.0,homeware
Maine 3 Tier Corner Shelving - White,15.0,homeware
Detroit Sideboard - Black,85.0,homeware
Michigan Ladder Shelf,45.0,homeware
Maine 3 Tier Wood Shelf,15.0,homeware
Lokken 2 Cube Basket Storage - White,15.0,homeware
Norsk 5 Drawer Chest - White,70.0,homeware
Lokken 9 Cube Shelving Unit & Baskets - Oak,50.0,homeware
Tromso 3 Tier Corner Shelf,18.0,homeware
Michigan Corner Ladder Shelf,45.0,homeware
Lokken Tall 4 Cube Basket Storage Shelves - White,25.0,homeware
Lokken 5 Tier Corner Shelving - White,38.0,homeware
Lokken 1-2-3 Shelving Unit & Baskets - White,38.0,homeware
Lokken 6 Cube Basket Storage Shelf - Oak,38.0,homeware
Lokken 6 Cube Basket Storage Shelf - White,38.0,homeware
Tromso 4 Tier Shelving Unit,30.0,homeware
Tromso 2 Tier Shoe Rack,40.0,homeware
Maine 3 Tier Ladder Shelf - White,15.0,homeware
Glow in the Dark Dinosaur 9 Tub Storage Drawers,25.0,homeware
Mobel 3 Tier Multi-Purpose Trolley - Black,25.0,homeware
Lokken Bookcase - Oak,32.0,homeware
Lokken Bookcase - White,32.0,homeware
Tromso Drinks Cabinet,100.0,homeware
Tromso Display Shelf,55.0,homeware
Urban Paradise 3 Tier Ladder Shelf - Natural,30.0,homeware
Lokken 9 Cube Shelving Unit & Baskets - White,50.0,homeware
Malmo 3 Drawer Shelving Unit,25.0,homeware
Lokken 2 Cube Shelving Unit - Grey,12.0,homeware
Mobel Storage with Bookshelves,35.0,homeware
Lokken 4 Tier Ladder Shelf Unit,40.0,homeware
Lokken Tall 4 Cube Storage Unit with 2 Baskets,25.0,homeware
Maine 3 Tier Corner Shelving - White,15.0,homeware
Maine Ladder Shelf,35.0,homeware
Detroit Sideboard - Black,85.0,homeware
Michigan Ladder Shelf,45.0,homeware
Norsk Barstool - Black,50.0,homeware
Lydia Barstool - Grey with Silver Base,70.0,homeware
Norsk Bar Stool - Grey,50.0,homeware
Nora Barstool - Navy with Gold Base,70.0,homeware
Loft Studio Bar Stool - Grey,65.0,homeware
Tromso Folding Table,14.0,homeware
Mobel 3 Tier Multi-Purpose Trolley - Black,25.0,homeware
Tromso Drinks Cabinet,100.0,homeware
Karina Bailey Drinks Trolley - Silver,25.0,homeware
Michigan 3 Piece Breakfast Bar Set,50.0,homeware
Karina Bailey Drinks Trolley - Gold,25.0,homeware
Moden Velvet Bar Stool - Blush,35.0,homeware
Deco Glamour Drinks Trolley - Silver,20.0,homeware
Deco Glam Drinks Trolley - Gold,20.0,homeware
Mobel Kids Table & Chairs,35.0,homeware
Foldable Fairy Unicorn Moon Chair,18.0,homeware
Glow in the Dark Dinosaur 9 Tub Storage Drawers,25.0,homeware
Space Dinosaur Table & Chairs,35.0,homeware
Fairy Table & Chairs,35.0,homeware
Alva Clothes Rail,20.0,homeware
Amelia Vanity Set with Stool & Mirror,50.0,homeware
Alva Desk & Stool Set - White,25.0,homeware
Heidi Vanity Set with Stool & Mirror - Blush,50.0,homeware
Mobel Toybox,35.0,homeware
Heidi Vanity Set with Stool & Mirror - White,50.0,homeware
Amelia Vanity Set with Stool & Mirror,50.0,homeware
Glow in the Dark Fairy 9 Tub Storage Drawers,25.0,homeware
Heidi Vanity Set with Stool & Mirror - Grey,30.0,homeware
Malmo Single Bed,50.0,homeware
Chunky Knit Rug 100 x 150cm - Silver,45.0,homeware
Chunky Knit Rug 60 x 110cm - Silver,20.0,homeware
Luxury Faux Fur Rug 100 x 150cm - Blush,45.0,homeware
Teddy Rug 100 x 150cm - Cream,45.0,homeware
Alaska Faux Fur Rug 100 x 150cm - Cream,30.0,homeware
Luxury Faux Fur Rug 100 x 150cm - Charcoal,45.0,homeware
Buddy Rug 80 x 120cm - Black,30.0,homeware
Buddy Rug 80 x 120cm - Forest Green,30.0,homeware
Buddy Rug 80 x 120cm - Charcoal,30.0,homeware
Buddy Rug 80 x 120cm - Ghost Grey,30.0,homeware
Buddy Rug 80 x 120cm - Stone,30.0,homeware
Gatsby Foil Micro Plush Rug 60 x 110cm - Blush,10.0,homeware
Gatsby Foil Micro Plush Rug 100 x 150cm - Blush,20.0,homeware
Microplush Rug 110 x 160cm - Mink,25.0,homeware
Microplush Rug 60 x 110cm - Mink,12.0,homeware
Micro Plush Rug 110 x 160cm - Sage,25.0,homeware
Micro Plush Rug 60 x 110cm - Sage,12.0,homeware
Nordic Cream Fur Rug 100 x 150cm,45.0,homeware
Nordic Cream Fur Rug 60 x 110cm,20.0,homeware
Aspen Faux Fur Rug 100 x 150cm - Black,45.0,homeware
Chunky Knit Rug 60 x 110cm - Sage,20.0,homeware
Micro Plush Rug 110 x 160cm - Cream,20.0,homeware
Micro Plush Rug 60 x 110cm - Cream,10.0,homeware
Microplush Rug 110 x 160cm - Silver,25.0,homeware
Microplush Rug 60 x 110cm - Silver,12.0,homeware
Chunky Knit Rug 100 x 150cm - Silver,45.0,homeware
Chunky Knit Rug 60 x 110cm - Silver,20.0,homeware
Luxury Faux Fur Rug 100 x 150cm - Blush,45.0,homeware
Teddy Rug 100 x 150cm - Cream,45.0,homeware
Alaska Faux Fur Rug 100 x 150cm - Cream,30.0,homeware
Silver Shimmer Metallic Rug 60 x 110cm,20.0,homeware
Chunky Knit Rug 60 x 110cm - Silver,20.0,homeware
Shimmer Metallic Rug 60 x 110cm - Blush,20.0,homeware
Teddy Rug 60 x 110cm - Charcoal,20.0,homeware
Gatsby Foil Micro Plush Rug 60 x 110cm - Blush,10.0,homeware
Microplush Rug 60 x 110cm - Mink,12.0,homeware
Micro Plush Rug 60 x 110cm - Sage,12.0,homeware
Nordic Cream Fur Rug 60 x 110cm,20.0,homeware
Micro Plush Rug 60 x 110cm - Navy,12.0,homeware
Micro Plush Rug 60 x 110cm - Black,12.0,homeware
Chunky Knit Rug 60 x 110cm - Sage,20.0,homeware
Micro Plush Rug 60 x 110cm - Cream,10.0,homeware
Sahara Tassels Rug 100 x 150cm - Cream,40.0,homeware
Sahara Tassels Rug 60 x 110cm - Cream,15.0,homeware
Geo Embossed Microplush Rug 60 x 110cm - Blush,10.0,homeware
Geo Microplush Rug 60 x 110cm - Grey,12.0,homeware
Microplush Rug 60 x 110cm - Silver,12.0,homeware
Micro Plush Rug 60 x 110cm - Blush,9.99,homeware
Luxury Faux Fur Rug 60 x 110cm - Charcoal,20.0,homeware
Artichoke Ornament,8.0,homeware
Wooden Fruit Ornament - Apple,3.0,homeware
Wooden Fruit Ornament - Pear,3.0,homeware
Scandi Shore Shell Ornament,3.0,homeware
Lush Paradise Gold Stacking Animals,2.0,homeware
Lush Paradise Mother & Baby Giraffe Ornament,4.0,homeware
Spaceways 4 Tier Extendable Shoe Rack,16.0,homeware
Maine Ladder Shelf,35.0,homeware
Spaceways Padstow Metal Coat Stand - White,22.0,homeware
Spaceways Padstow Metal Coat Stand - Black,22.0,homeware
Lokken Floating Shelf 100cm - Black,15.0,homeware
Lokken 4 Tier Ladder Shelf Unit,40.0,homeware
Lokken Tall 4 Cube Storage Unit with 2 Baskets,25.0,homeware
Maine 3 Tier Corner Shelving - White,15.0,homeware
Tromso Round Multi-Section Shelf,18.0,homeware
Detroit Sideboard - Black,85.0,homeware
Michigan Ladder Shelf,45.0,homeware
Lokken Floating Shelf 100cm - White,15.0,homeware
Lokken Floating Shelf 100cm - Oak,15.0,homeware
Maine 3 Tier Wood Shelf,15.0,homeware
Spaceways 2 Tier Garment Rail,18.0,homeware
Lokken 9 Cube Shelving Unit & Baskets - Oak,50.0,homeware
Tromso 3 Tier Corner Shelf,18.0,homeware
Michigan Corner Ladder Shelf,45.0,homeware
Michigan 4 Tier Storage Unit,18.0,homeware
Lokken 1-2-3 Shelving Unit & Baskets - White,38.0,homeware
Lokken Display Wall Shelf - Black,7.0,homeware
Tromso 4 Tier Shelving Unit,30.0,homeware
Maine 3 Tier Ladder Shelf - White,15.0,homeware
Tromso Set of 3 Shelves,20.0,homeware
Tromso Shelf with Rail,10.0,homeware
Tromso Tall Multi-Section Shelf,25.0,homeware
Tromso Triangle Shelf,7.0,homeware
Glow in the Dark Dinosaur 9 Tub Storage Drawers,25.0,homeware
Mobel 3 Tier Multi-Purpose Trolley - Black,25.0,homeware
Lokken Bookcase - Oak,32.0,homeware
Lokken Bookcase - White,32.0,homeware
Spaceways 4 Tier Extendable Shoe Rack,16.0,homeware
Spaceways Padstow Metal Coat Stand - White,22.0,homeware
Spaceways Padstow Metal Coat Stand - Black,22.0,homeware
Lokken Floating Shelf 100cm - Black,15.0,homeware
Lokken 4 Tier Ladder Shelf Unit,40.0,homeware
Lokken Tall 4 Cube Storage Unit with 2 Baskets,25.0,homeware
Maine 3 Tier Corner Shelving - White,15.0,homeware
Tromso Round Multi-Section Shelf,18.0,homeware
Detroit Sideboard - Black,85.0,homeware
Michigan Ladder Shelf,45.0,homeware
Lokken Floating Shelf 100cm - White,15.0,homeware
Lokken Floating Shelf 100cm - Oak,15.0,homeware
Maine 3 Tier Wood Shelf,15.0,homeware
Spaceways 2 Tier Garment Rail,18.0,homeware
Lokken 9 Cube Shelving Unit & Baskets - Oak,50.0,homeware
Tromso 3 Tier Corner Shelf,18.0,homeware
Michigan Corner Ladder Shelf,45.0,homeware
Michigan 4 Tier Storage Unit,18.0,homeware
Lokken 1-2-3 Shelving Unit & Baskets - White,38.0,homeware
Lokken Display Wall Shelf - Black,7.0,homeware
Tromso 4 Tier Shelving Unit,30.0,homeware
Maine 3 Tier Ladder Shelf - White,15.0,homeware
Tromso Set of 3 Shelves,20.0,homeware
Tromso Shelf with Rail,10.0,homeware
Tromso Tall Multi-Section Shelf,25.0,homeware
Tromso Triangle Shelf,7.0,homeware
Glow in the Dark Dinosaur 9 Tub Storage Drawers,25.0,homeware
Mobel 3 Tier Multi-Purpose Trolley - Black,25.0,homeware
Lokken Bookcase - Oak,32.0,homeware
Lokken Bookcase - White,32.0,homeware
Spaceways 4 Tier Extendable Shoe Rack,16.0,homeware
Maine Ladder Shelf,35.0,homeware
Spaceways Padstow Metal Coat Stand - White,22.0,homeware
Spaceways Padstow Metal Coat Stand - Black,22.0,homeware
Lokken Floating Shelf 100cm - Black,15.0,homeware
Lokken 4 Tier Ladder Shelf Unit,40.0,homeware
Lokken Tall 4 Cube Storage Unit with 2 Baskets,25.0,homeware
Maine 3 Tier Corner Shelving - White,15.0,homeware
Tromso Round Multi-Section Shelf,18.0,homeware
Detroit Sideboard - Black,85.0,homeware
Michigan Ladder Shelf,45.0,homeware
Lokken Floating Shelf 100cm - White,15.0,homeware
Lokken Floating Shelf 100cm - Oak,15.0,homeware
Maine 3 Tier Wood Shelf,15.0,homeware
Spaceways 2 Tier Garment Rail,18.0,homeware
Lokken 9 Cube Shelving Unit & Baskets - Oak,50.0,homeware
Tromso 3 Tier Corner Shelf,18.0,homeware
Michigan Corner Ladder Shelf,45.0,homeware
Michigan 4 Tier Storage Unit,18.0,homeware
Lokken 1-2-3 Shelving Unit & Baskets - White,38.0,homeware
Lokken Display Wall Shelf - Black,7.0,homeware
Tromso 4 Tier Shelving Unit,30.0,homeware
Maine 3 Tier Ladder Shelf - White,15.0,homeware
Tromso Set of 3 Shelves,20.0,homeware
Tromso Shelf with Rail,10.0,homeware
Tromso Tall Multi-Section Shelf,25.0,homeware
Tromso Triangle Shelf,7.0,homeware
Glow in the Dark Dinosaur 9 Tub Storage Drawers,25.0,homeware
Mobel 3 Tier Multi-Purpose Trolley - Black,25.0,homeware
Lokken Bookcase - Oak,32.0,homeware
Aspen Cushion - Black,10.0,homeware
Aspen Cushion - Sage,10.0,homeware
Aspen Faux Fur Cushion - Green,10.0,homeware
Aspen Faux Fur Cushion - Dark Mink,10.0,homeware
Alaska Faux Fur Cushion - Blush,12.0,homeware
Aurora Tassel Cushion - Natural,14.0,homeware
Serenity Tassel Cushion - Cream,12.0,homeware
Ivy Woven Cushion - Cream,12.0,homeware
Indigo Tufted Stripe Cushion with Tassels - Sage,12.0,homeware
Waffle Faux Fur Cushion - Natural,10.0,homeware
Luna Stone Cotton Waffle Cushion - Natural,10.0,homeware
Esme Stripe Woven Cushion - Mono,14.0,homeware
Cleo Tribal Tufted Cushion with Tassels - Multi,14.0,homeware
Disney Encanto Magical Casa Madrigal,89.99,toys-and-games
Tribal Mono Tufted Cushion - Black/White,12.0,homeware
Cotton Waffle Cushion - Green,10.0,homeware
Teddy Tufted Cushion - Cream,14.0,homeware
Ariana Velvet Cushion,8.0,homeware
Basket Weave Velvet Cushion - Sage,12.0,homeware
Eve Floral Velvet Cushion,10.0,homeware
Waffle Faux Fur Cushion - Grey,10.0,homeware
Aspen Cushion 48 x 48cm - Charcoal,10.0,homeware
Waffle Faux Fur Cushion 48 x 48cm - Cream,10.0,homeware
Aspen Faux Fur Cushion 48 x 48cm - Dark Green,8.0,homeware
Pleated Cushion 48 x 48cm - Dark Green,8.0,homeware
Hampton Cushion 48 x 48cm - Grey,8.0,homeware
Pleated Cushion 48 x 48cm - Navy,8.0,homeware
Aspen Faux Fur Cushion - Blush,8.0,homeware
Aspen Faux Fur Cushion - Grey,8.0,homeware
Pleated Velvet Cushion - Charcoal,8.0,homeware
Pleated Velvet Cushion - Blush,8.0,homeware
Lennon Geo Velvet Pinsonic Cushion 48 x 48cm - Blush,8.0,homeware
Shell Cushion - Champagne,10.0,homeware
Aspen Cushion - Black,10.0,homeware
Aspen Cushion - Sage,10.0,homeware
Aspen Faux Fur Cushion - Green,10.0,homeware
Aspen Faux Fur Cushion - Dark Mink,10.0,homeware
Ariana Velvet Cushion,8.0,homeware
Alaska Faux Fur Cushion - Blush,12.0,homeware
Aurora Tassel Cushion - Natural,14.0,homeware
Serenity Tassel Cushion - Cream,12.0,homeware
Ivy Woven Cushion - Cream,12.0,homeware
Indigo Tufted Stripe Cushion with Tassels - Sage,12.0,homeware
Waffle Faux Fur Cushion - Natural,10.0,homeware
Luna Stone Cotton Waffle Cushion - Natural,10.0,homeware
Esme Stripe Woven Cushion - Mono,14.0,homeware
Cleo Tribal Tufted Cushion with Tassels - Multi,14.0,homeware
Tribal Mono Tufted Cushion - Black/White,12.0,homeware
Cotton Waffle Cushion - Green,10.0,homeware
Teddy Tufted Cushion - Cream,14.0,homeware
Basket Weave Velvet Cushion - Sage,12.0,homeware
Eve Floral Velvet Cushion,10.0,homeware
Waffle Faux Fur Cushion - Grey,10.0,homeware
Aspen Cushion 48 x 48cm - Charcoal,10.0,homeware
Waffle Faux Fur Cushion 48 x 48cm - Cream,10.0,homeware
Aspen Faux Fur Cushion 48 x 48cm - Dark Green,8.0,homeware
Pleated Cushion 48 x 48cm - Dark Green,8.0,homeware
Hampton Cushion 48 x 48cm - Grey,8.0,homeware
Pleated Cushion 48 x 48cm - Navy,8.0,homeware
Aspen Faux Fur Cushion - Blush,8.0,homeware
Aspen Faux Fur Cushion - Grey,8.0,homeware
Pleated Velvet Cushion - Charcoal,8.0,homeware
Pleated Velvet Cushion - Blush,8.0,homeware
Antler Tealight Holder,8.0,homeware
Lennon Geo Velvet Pinsonic Cushion 48 x 48cm - Blush,8.0,homeware
Shell Cushion - Champagne,10.0,homeware
Shell Cushion - Blush,10.0,homeware
Grey Crystal Marble Cushion,8.0,homeware
Milo Retro Velvet Cushion - Ochre,12.0,homeware
Mason Retro Velvet Cushion - Teal,12.0,homeware
Maddison Chevron Cushion - Blush,10.0,homeware
Maddison Chevron Cushion - Grey,10.0,homeware
Oakwood White Bolster Cushion,10.0,homeware
Luella Faux Fur Trim Cushion - Red,8.0,homeware
Luella Faux Fur Trim Cushion - Teal,8.0,homeware
Luella Faux Fur Trim Cushion - Navy,8.0,homeware
Aspen Cushion - Teal,8.0,homeware
Maddison Chevron Cushion - Ochre,10.0,homeware
Pleated Cushion - Silver,10.0,homeware
Oakwood Cushion - Brown,10.0,homeware
Kent Faux Fur Cushion - Brown,12.0,homeware
Winter Berry Arrangement,8.0,homeware
Apple Decorations 6pk,5.0,homeware
Face Oil Burner,4.0,homeware
Hanging Wicker Heart - White,2.5,homeware
Hanging Wicker Heart - Red,2.5,homeware
Metal Hanging Stag,3.0,homeware
Christmas Tealight Holder - Merry Christmas,2.5,homeware
Christmas Tealight Holder - Reindeer,2.5,homeware
Christmas Oil Burner - Christmas Clove,4.0,homeware
Christmas Oil Burner - Candid Orange,4.0,homeware
Dried Flower Arrangement,8.0,homeware
Tealight Holder - Gingerbread Man,2.5,homeware
Tealight Holder - Christmas Tree,2.5,homeware
Ribbed Ceramic Tealight Holder - Blush,3.0,homeware
Black Matches in A Bottle,4.0,homeware
Moon Trinket Dish - Green,2.0,homeware
Moon Trinket Dish - Blush,2.0,homeware
Small Donut Candle Holder,4.0,homeware
Terracotta Vase,8.0,homeware
Dried Black Bunny Tail Bunch,6.0,homeware
Ribbed Ceramic Tealight Holder - Cream,3.0,homeware
Face Planter,5.0,homeware
Dinner Candle Holder Bowl,3.5,homeware
Dinner Candle Stick Holders,4.0,homeware
Framed Candle Holder,4.0,homeware
Ceramic Oil Burner,4.0,homeware
Hedgehog Ornament,6.0,homeware
Candles with Wreath 2pk - Berry,5.0,homeware
Candles with Wreath 2pk - Acorn,5.0,homeware
Black Ceramic Vase,8.0,homeware
Cane Magazine Rack,9.0,homeware
Jewellery Box - Bee,4.0,homeware
Faux Sheepskin Rug 60 x 90cm - Cream,19.99,homeware
Maine Ladder Shelf,35.0,homeware
Spaceways Padstow Metal Coat Stand - White,22.0,homeware
Spaceways Padstow Metal Coat Stand - Black,22.0,homeware
Lokken Floating Shelf 100cm - Black,15.0,homeware
Lokken 4 Tier Ladder Shelf Unit,40.0,homeware
Lokken Tall 4 Cube Storage Unit with 2 Baskets,25.0,homeware
Maine 3 Tier Corner Shelving - White,15.0,homeware
Tromso Round Multi-Section Shelf,18.0,homeware
Detroit Sideboard - Black,85.0,homeware
Michigan Ladder Shelf,45.0,homeware
Lokken Floating Shelf 100cm - White,15.0,homeware
Lokken Floating Shelf 100cm - Oak,15.0,homeware
Spaceways 2 Tier Garment Rail,18.0,homeware
Lokken 9 Cube Shelving Unit & Baskets - Oak,50.0,homeware
Tromso 3 Tier Corner Shelf,18.0,homeware
Michigan Corner Ladder Shelf,45.0,homeware
Michigan 4 Tier Storage Unit,18.0,homeware
Maine 3 Tier Wood Shelf,15.0,homeware
Lokken 1-2-3 Shelving Unit & Baskets - White,38.0,homeware
Lokken Display Wall Shelf - Black,7.0,homeware
Tromso 4 Tier Shelving Unit,30.0,homeware
Maine 3 Tier Ladder Shelf - White,15.0,homeware
Tromso Set of 3 Shelves,20.0,homeware
Tromso Shelf with Rail,10.0,homeware
Tromso Tall Multi-Section Shelf,25.0,homeware
Tromso Triangle Shelf,7.0,homeware
Glow in the Dark Dinosaur 9 Tub Storage Drawers,25.0,homeware
Mobel 3 Tier Multi-Purpose Trolley - Black,25.0,homeware
Lokken Bookcase - Oak,32.0,homeware
Lokken Bookcase - White,32.0,homeware
Spaceways 4 Tier Extendable Shoe Rack,16.0,homeware
Maine Ladder Shelf,35.0,homeware
Spaceways Padstow Metal Coat Stand - White,22.0,homeware
Spaceways Padstow Metal Coat Stand - Black,22.0,homeware
Lokken Floating Shelf 100cm - Black,15.0,homeware
Lokken 4 Tier Ladder Shelf Unit,40.0,homeware
Lokken Tall 4 Cube Storage Unit with 2 Baskets,25.0,homeware
Maine 3 Tier Corner Shelving - White,15.0,homeware
Tromso Round Multi-Section Shelf,18.0,homeware
Detroit Sideboard - Black,85.0,homeware
Michigan Ladder Shelf,45.0,homeware
Lokken Floating Shelf 100cm - White,15.0,homeware
Lokken Floating Shelf 100cm - Oak,15.0,homeware
Maine 3 Tier Wood Shelf,15.0,homeware
Spaceways 2 Tier Garment Rail,18.0,homeware
Lokken 9 Cube Shelving Unit & Baskets - Oak,50.0,homeware
Tromso 3 Tier Corner Shelf,18.0,homeware
Michigan Corner Ladder Shelf,45.0,homeware
Michigan 4 Tier Storage Unit,18.0,homeware
Lokken 1-2-3 Shelving Unit & Baskets - White,38.0,homeware
Lokken Display Wall Shelf - Black,7.0,homeware
Tromso 4 Tier Shelving Unit,30.0,homeware
Maine 3 Tier Ladder Shelf - White,15.0,homeware
Tromso Set of 3 Shelves,20.0,homeware
Tromso Shelf with Rail,10.0,homeware
Tromso Tall Multi-Section Shelf,25.0,homeware
Tromso Triangle Shelf,7.0,homeware
Glow in the Dark Dinosaur 9 Tub Storage Drawers,25.0,homeware
Mobel 3 Tier Multi-Purpose Trolley - Black,25.0,homeware
Lokken Bookcase - Oak,32.0,homeware
Lokken Bookcase - White,32.0,homeware
Alva 3 Cube Bookshelf,40.0,homeware
Michigan Coat Rack With Shoe Storage,40.0,homeware
Spaceways Tall Shoe Rack,25.0,homeware
Tromso 1 Tier Wide Shelf,15.0,homeware
Tromso Narrow 2 Tier Shelf,15.0,homeware
Tromso 1 Tier Shelf,10.0,homeware
Tromso Display Shelf,55.0,homeware
Norsk High Gloss Shelf 90cm - White,14.0,homeware
Urban Paradise 3 Tier Ladder Shelf - Natural,30.0,homeware
Spaceways Undersink with Shelves,25.0,homeware
Karina Bailey Drinks Trolley - Gold,25.0,homeware
Lokken 9 Cube Shelving Unit & Baskets - White,50.0,homeware
Tromso Multi-Section Shelf - Gold,8.0,homeware
Tromso Square Multi-Section Shelf - Black,12.0,homeware
Malmo 3 Drawer Shelving Unit,25.0,homeware
Lokken Display Wall Shelf - White,12.0,homeware
Winter Berry Arrangement,8.0,homeware
Dried Flower Arrangement,8.0,homeware
Dried Grass Bunch,6.0,homeware
Terracotta Vase,8.0,homeware
Dried Black Bunny Tail Bunch,6.0,homeware
Face Planter,5.0,homeware
Black Ceramic Vase,8.0,homeware
Donut Vase with Dried Flowers,15.0,homeware
Eucalyptus in Stone Pot,12.0,homeware
White Vase with Berries,6.0,homeware
Bleached Flowers in Amber Vase,8.0,homeware
Pampas in White Vase,20.0,homeware
Pussy Willow in White Vase,12.0,homeware
Dried Flowers in Sphere,2.5,homeware
Blush Vase with Pampas,10.0,homeware
Bleached Country Foliage in Ribbed Jar,10.0,homeware
Autumn Hoop,6.0,homeware
Bunny Tails with Vase,5.0,homeware
Fan Leaf Arrangement,3.5,homeware
Pink Pampas in Ribbed Vase,5.0,homeware
Cream Ribbed Vase,8.0,homeware
Eucalyptus in Vase,15.0,homeware
Artificial Grass in Black Rattan Pot,4.0,homeware
Dried Pampas in Sphere,8.0,homeware
Frosted Vase - Grey,8.0,homeware
Frosted Vase - Blush,8.0,homeware
Preserved Eucalyptus in Glass Jar,12.0,homeware
Winter Berry Arrangement,8.0,homeware
Dried Flower Arrangement,8.0,homeware
Dried Grass Bunch,6.0,homeware
Terracotta Vase,8.0,homeware
Face Planter,5.0,homeware
Black Ceramic Vase,8.0,homeware
Donut Vase with Dried Flowers,15.0,homeware
Eucalyptus in Stone Pot,12.0,homeware
White Vase with Berries,6.0,homeware
Bleached Flowers in Amber Vase,8.0,homeware
Pampas in White Vase,20.0,homeware
Pussy Willow in White Vase,12.0,homeware
Dried Flowers in Sphere,2.5,homeware
Blush Vase with Pampas,10.0,homeware
Matte Black Vase,8.0,homeware
Bleached Country Foliage in Ribbed Jar,10.0,homeware
Autumn Hoop,6.0,homeware
Bunny Tails with Vase,5.0,homeware
Fan Leaf Arrangement,3.5,homeware
Pink Pampas in Ribbed Vase,5.0,homeware
Cream Ribbed Vase,8.0,homeware
Eucalyptus in Vase,15.0,homeware
Artificial Grass in Black Rattan Pot,4.0,homeware
Dried Pampas in Sphere,8.0,homeware
Silentnight Just Like Down Duvet - King,32.0,homeware
Silentnight Just Like Down Duvet - Double,30.0,homeware
Silentnight Just Like Down 13.5 Tog Duvet - Single,24.0,homeware
Silentnight Extra Full 10.5 Tog Duvet - King,30.0,homeware
Silentnight Extra Full 10.5 Tog Duvet - Double,28.0,homeware
Aspen Faux Fur Throw - Sage,16.0,homeware
Aspen Throw - Black,16.0,homeware
Aspen Blue Check King Duvet Set with Pipe,17.0,homeware
Aspen Blue Check Double Duvet Set with Pipe,15.0,homeware
Lennox Honesty Leaf King Navy Duvet Set with Pipe,17.0,homeware
Lennox Honesty Leaf Double Navy Duvet Set with Pipe,15.0,homeware
Evie King Duvet Set with Ties - Grey,25.0,homeware
Evie Double Duvet Set with Ties - Grey,20.0,homeware
Jenson Woven Crinkle King Duvet Set - Mono,28.0,homeware
Jenson Woven Crinkle Double Duvet Set - Mono,22.0,homeware
Coco Mono Stripe Jacquard King Duvet Set - Black,30.0,homeware
Coco Mono Stripe Jacquard Double Duvet Set - Black,25.0,homeware
Rubin Crinkle King Duvet Set with Ties - Black,25.0,homeware
Rubin Crinkle Double Duvet Set with Ties - Black,20.0,homeware
Elle Quilted Stitch King Duvet Set - White,30.0,homeware
Elle Quilted Stitch Double Duvet Set - White,25.0,homeware
Roma Brushed Herringbone King Duvet Set - Charcoal,25.0,homeware
Roma Brushed Herringbone Double Duvet Set - Charcoal,20.0,homeware
Esme Natural King Duvet Set,28.0,homeware
Esme Natural Double Duvet Set,22.0,homeware
Lara Double Duvet Set - Black,20.0,homeware
Lara King Duvet Set - Cream,25.0,homeware
Luna Waffle King Duvet Set - Black,20.0,homeware
Luna Waffle Double Duvet Set - Black,18.0,homeware
Aspen Faux Fur Throw - Sage,16.0,homeware
Aspen Throw - Black,16.0,homeware
Aspen Blue Check King Duvet Set with Pipe,17.0,homeware
Aspen Blue Check Double Duvet Set with Pipe,15.0,homeware
Lennox Honesty Leaf King Navy Duvet Set with Pipe,17.0,homeware
Lennox Honesty Leaf Double Navy Duvet Set with Pipe,15.0,homeware
Evie King Duvet Set with Ties - Grey,25.0,homeware
Evie Double Duvet Set with Ties - Grey,20.0,homeware
Jenson Woven Crinkle King Duvet Set - Mono,28.0,homeware
Jenson Woven Crinkle Double Duvet Set - Mono,22.0,homeware
Coco Mono Stripe Jacquard King Duvet Set - Black,30.0,homeware
Coco Mono Stripe Jacquard Double Duvet Set - Black,25.0,homeware
Rubin Crinkle Double Duvet Set with Ties - Black,20.0,homeware
Elle Quilted Stitch King Duvet Set - White,30.0,homeware
Elle Quilted Stitch Double Duvet Set - White,25.0,homeware
Roma Brushed Herringbone King Duvet Set - Charcoal,25.0,homeware
Roma Brushed Herringbone Double Duvet Set - Charcoal,20.0,homeware
Esme Natural King Duvet Set,28.0,homeware
Esme Natural Double Duvet Set,22.0,homeware
Lara Double Duvet Set - Black,20.0,homeware
Lara King Duvet Set - Cream,25.0,homeware
Luna Waffle King Duvet Set - Black,20.0,homeware
Luna Waffle Double Duvet Set - Black,18.0,homeware
Black Matches in A Bottle,4.0,homeware
Dried Black Bunny Tail Bunch,6.0,homeware
Dinner Candle Holder Bowl,3.5,homeware
Dinner Candle Stick Holders,4.0,homeware
Woodland Nature Berry Candle - Gold Glitter,7.0,homeware
Woodland Nature Berry Candle - Silver Glitter,7.0,homeware
Woodland Nature Berry Candle - Red Glitter,7.0,homeware
Winter Spice Christmas Jar Candle,4.0,homeware
Gingerbread Cookie Christmas Jar Candle,4.0,homeware
Green Dinner Candles 4pk,2.5,homeware
Red Dinner Candles 4pk,2.5,homeware
Green Twist Pillar Candle,2.5,homeware
Red Twist Pillar Candle,2.5,homeware
Woodland Nature Stag Candle - Sandalwood & Tonka,5.0,homeware
Face Oil Burner,4.0,homeware
Christmas Tealight Holder - Merry Christmas,2.5,homeware
Christmas Tealight Holder - Reindeer,2.5,homeware
Gingerbread Cookie Scented Reed Diffuser,5.0,homeware
Winter Spice Scented Reed Diffuser,5.0,homeware
Christmas Oil Burner - Christmas Clove,4.0,homeware
Christmas Oil Burner - Candid Orange,4.0,homeware
Gingerbread Wax Melts 8pk,1.5,homeware
Winter Spice Wax Melts 8pk,1.5,homeware
Tealight Holder - Gingerbread Man,2.5,homeware
Tealight Holder - Christmas Tree,2.5,homeware
Ribbed Ceramic Tealight Holder - Blush,3.0,homeware
Christmas Scented Candle - Santa Clove,2.5,homeware
Christmas Scented Candle - Reindeer Candid Orange,2.5,homeware
Christmas Scented Candle - Peppermint Penguin,2.5,homeware
Christmas Cracker Candle - Winter Spice,2.5,homeware
Christmas Cracker Candle - Gingerbread Cookie,2.5,homeware
Woodland Nature Berry Candle - Gold Glitter,7.0,homeware
Woodland Nature Berry Candle - Silver Glitter,7.0,homeware
Woodland Nature Berry Candle - Red Glitter,7.0,homeware
Winter Spice Christmas Jar Candle,4.0,homeware
Gingerbread Cookie Christmas Jar Candle,4.0,homeware
Green Dinner Candles 4pk,2.5,homeware
Red Dinner Candles 4pk,2.5,homeware
Green Twist Pillar Candle,2.5,homeware
Red Twist Pillar Candle,2.5,homeware
Woodland Nature Stag Candle - Sandalwood & Tonka,5.0,homeware
Face Oil Burner,4.0,homeware
Christmas Tealight Holder - Merry Christmas,2.5,homeware
Christmas Tealight Holder - Reindeer,2.5,homeware
Gingerbread Cookie Scented Reed Diffuser,5.0,homeware
Winter Spice Scented Reed Diffuser,5.0,homeware
Christmas Oil Burner - Christmas Clove,4.0,homeware
Christmas Oil Burner - Candid Orange,4.0,homeware
Heritage Collection Aspen Faux Fur Throw - Mink,16.0,homeware
Heritage Collection Aspen Faux Fur Throw - Charcoal,16.0,homeware
Kendal Cream Teddy Sherpa Throw,18.0,homeware
Alba Waffle Sherpa Throw,15.0,homeware
Winston Check Sherpa Throw - White,15.0,homeware
Aspen Faux Fur Cushion - Dark Mink,10.0,homeware
Teddy Rug 100 x 150cm - Charcoal,45.0,homeware
Teddy Rug 60 x 110cm - Charcoal,20.0,homeware
Teddy Rug 100 x 150cm - Cream,45.0,homeware
Serenity Tassel Cushion - Cream,12.0,homeware
Waffle Faux Fur Cushion - Natural,10.0,homeware
Luna Stone Cotton Waffle Cushion - Natural,10.0,homeware
Esme Stripe Woven Cushion - Mono,14.0,homeware
Cleo Tribal Tufted Cushion with Tassels - Multi,14.0,homeware
Teddy Tufted Cushion - Cream,14.0,homeware
Waffle Faux Fur Cushion - Grey,10.0,homeware
Pleated Cushion - Silver,10.0,homeware
Serenity Tassel Cushion - Terracotta,12.0,homeware
Natural Home Scented Candle with Cork Lid - Vanilla & Cedarwood,3.0,homeware
Natural Home Scented Candle with Cork Lid - Elderflower & Sage,3.0,homeware
Natural Home Scented Candle with Cork Lid - Amber & Sandalwood,3.0,homeware
Terracotta Vase,8.0,homeware
Heritage Collection Aspen Faux Fur Throw - Mink,16.0,homeware
Disney Encanto Mirabel's Room,24.99,toys-and-games
Heritage Collection Aspen Faux Fur Throw - Charcoal,16.0,homeware
Kendal Cream Teddy Sherpa Throw,18.0,homeware
Alba Waffle Sherpa Throw,15.0,homeware
Winston Check Sherpa Throw - White,15.0,homeware
Face Planter,5.0,homeware
Aspen Faux Fur Cushion - Dark Mink,10.0,homeware
Teddy Rug 100 x 150cm - Charcoal,45.0,homeware
Teddy Rug 60 x 110cm - Charcoal,20.0,homeware
Teddy Rug 100 x 150cm - Cream,45.0,homeware
Serenity Tassel Cushion - Cream,12.0,homeware
Waffle Faux Fur Cushion - Natural,10.0,homeware
Esme Stripe Woven Cushion - Mono,14.0,homeware
Cleo Tribal Tufted Cushion with Tassels - Multi,14.0,homeware
Teddy Tufted Cushion - Cream,14.0,homeware
Waffle Faux Fur Cushion - Grey,10.0,homeware
Pleated Cushion - Silver,10.0,homeware
Serenity Tassel Cushion - Terracotta,12.0,homeware
Face Oil Burner,4.0,homeware
Natural Home Scented Candle with Cork Lid - Vanilla & Cedarwood,3.0,homeware
Natural Home Scented Candle with Cork Lid - Elderflower & Sage,3.0,homeware
Natural Home Scented Candle with Cork Lid - Amber & Sandalwood,3.0,homeware
Terracotta Vase,8.0,homeware
Ceramic Oil Burner,4.0,homeware
Donut Vase with Dried Flowers,15.0,homeware
Eucalyptus in Stone Pot,12.0,homeware
Natural Home Tapered Candle,3.0,homeware
Cane Magazine Rack,9.0,homeware
Jewellery Box - Bee,4.0,homeware
Jewellery Box - Dragonfly,4.0,homeware
Dried Flowers in Sphere,2.5,homeware
Dried Grass LED Candle,6.0,homeware
Bleached Country Foliage in Ribbed Jar,10.0,homeware
Fan Leaf Arrangement,3.5,homeware
Hanging Frame with Pressed Flowers,3.0,homeware
Hanging Frame with Pressed Flowers,3.0,homeware
Dried Pampas in Sphere,8.0,homeware
Seagrass Lantern,8.0,homeware
Bamboo Lantern,12.0,homeware
Disney Encanto Isabela's Garden Room,24.99,toys-and-games
Preserved Eucalyptus in Glass Jar,12.0,homeware
Ceramic Candle Holder with Candle,5.0,homeware
Maine Bathroom Storage Unit - White,18.0,homeware
Maine Ladder Shelf,35.0,homeware
Maine White Tall Boy,60.0,homeware
Bunny Tails with Vase,5.0,homeware
Maine Under Sink Unit,40.0,homeware
Maine Under Sink Unit - Grey,35.0,homeware
Maine Bathroom Double Door Cabinet & Shelf - White,35.0,homeware
Maine Bathroom Single Door Mirror Cabinet,20.0,homeware
Maine 3 Tier Corner Shelving - White,15.0,homeware
Norsk High Gloss Under Sink Cabinet,45.0,homeware
Norsk Undersink Unit - Grey,30.0,homeware
Maine Ladder Towel Rack,12.0,homeware
Spaceways Undersink with Shelves,25.0,homeware
Maine Ladder Shelf - Grey,25.0,homeware
Norsk High Gloss Bathroom Mirror Cabinet,32.0,homeware
Spaceways Undersink Cabinet - White,18.0,homeware
Norsk Wall Unit - Grey,20.0,homeware
Maine 3 Tier Corner Shelving - Grey,12.0,homeware
Maine Bathroom Storage Unit - Grey,12.0,homeware
Spaceways Tallboy Cabinet,35.0,homeware
Camille 3 Tier Corner Shelving,5.0,homeware
"Roma Boucle Panel 54 x 86"" - Charcoal",25.0,homeware
"Roma Boucle Panel 54 x 86"" - Cream",25.0,homeware
"Cambridge Blackout Panel 54 x 86"" - Dark Green",15.0,homeware
"Highland Woven Check Panel 54 x 86"" - Mono",20.0,homeware
"Highland Woven Check Panel 54 x 86"" - Red",20.0,homeware
"Kent Woven Eyelet Blackout Panel 54 x 86"" - Charcoal",25.0,homeware
"Kent Woven Eyelet Blackout Panel 54 x 86"" - Sage",25.0,homeware
"Kent Woven Blackout Panel 54 x 86"" - Navy",25.0,homeware
"Kent Woven Blackout Panel 54 x 86"" - Cream",25.0,homeware
"Kent Woven Blackout Panel 54 x 86"" - Grey",25.0,homeware
"Kent Woven Blackout Panel 54 x 86"" - Mink",25.0,homeware
"Kent Woven Blackout Panel 54 x 86"" - Sage",25.0,homeware
"Kent Woven Blackout Panel 54 x 86"" - Black",25.0,homeware
"Cambridge Blackout Panel 54 x 86"" - Black",14.99,homeware
"Cambridge Blackout Panel 54 x 86"" - Grey",15.0,homeware
"Pleated Velvet Panel 54 x 86"" - Dark Green",25.0,homeware
"Cambridge Blackout Panel 54 x 86"" - Navy",15.0,homeware
"Cambridge Blackout Panel 54 x 86"" - Stone",15.0,homeware
Winston Check King Duvet Set - Navy,25.0,homeware
Winston Check Double Duvet Set - Navy,20.0,homeware
Slush Puppie Slushie Machine,35.0,homeware
Russell Hobbs Groove Toaster - Black & Gold,30.0,homeware
Russell Hobbs Groove Kettle 1.7L - Black & Gold,30.0,homeware
Nescafe Dolce Gusto Piccolo XS Coffee Machine,30.0,homeware
Goodmans Brushed Kettle 1.7L,20.0,homeware
Blaupunkt Breakfast Maker,45.0,homeware
Goodmans Grey Geo 2 Slice Toaster,25.0,homeware
Goodmans Plastic 2 Slice Toaster - Black,15.0,homeware
Goodmans Champagne Dome Kettle,28.0,homeware
Tower Compact Oven 15L,45.0,homeware
Tower Vortx Dual Basket Air Fryer 7.6L,99.0,homeware
Blaupunkt Rapid Air Fryer 4.5L,49.0,homeware
Goodmans Diamond 4 Slice Toaster - White & Rose Gold,35.0,homeware
Goodmans Diamond Glass Kettle - White & Rose Gold,30.0,homeware
Breville Iced Coffee Maker,35.0,homeware
Goodmans Textured Kettle 1.7L - Black & Rose Gold,22.0,homeware
Goodmans Textured 2 Slice Toaster - Black & Rose Gold,22.0,homeware
Russell Hobbs Honeycomb Kettle 1.7L - White,25.0,homeware
Russell Hobbs Honeycomb Toaster - White,25.0,homeware
Tower 3-in-1 Deep Fill Snack Maker - Silver,35.0,homeware
Tower Air Fryer 4L - Black & Silver,59.0,homeware
Slush Puppie Slushie Machine,35.0,homeware
Russell Hobbs Groove Toaster - Black & Gold,30.0,homeware
Russell Hobbs Groove Kettle 1.7L - Black & Gold,30.0,homeware
Nescafe Dolce Gusto Piccolo XS Coffee Machine,30.0,homeware
Blaupunkt Breakfast Maker,45.0,homeware
Goodmans Grey Geo 2 Slice Toaster,25.0,homeware
Goodmans Grey Geo Kettle,25.0,homeware
Goodmans Plastic 2 Slice Toaster - Black,15.0,homeware
Goodmans Champagne Dome Kettle,28.0,homeware
Tower Compact Oven 15L,45.0,homeware
Disney Encanto Antonio's Tree House,24.99,toys-and-games
Tower Vortx Dual Basket Air Fryer 7.6L,99.0,homeware
Blaupunkt Rapid Air Fryer 4.5L,49.0,homeware
Goodmans Diamond 4 Slice Toaster - White & Rose Gold,35.0,homeware
Goodmans Diamond Glass Kettle - White & Rose Gold,30.0,homeware
Breville Iced Coffee Maker,35.0,homeware
Maya Woven Jute Rug 1m - Natural,15.0,homeware
Maya Woven Jute Rug 1m - Black,15.0,homeware
Goodmans Brushed Kettle 1.7L,20.0,homeware
Geo Microplush Rug 60 x 110cm - Ochre,10.0,homeware
Lexi Microplush Rug 110 x 160cm - Grey,20.0,homeware
Lexi Microplush Rug 60 x 110cm - Grey,10.0,homeware
Sahara Tassels Rug 100 x 150cm - Cream,40.0,homeware
Sahara Tassels Rug 60 x 110cm - Cream,15.0,homeware
Geo Microplush Rug 110 x 160cm - Grey,25.0,homeware
Geo Microplush Rug 60 x 110cm - Grey,12.0,homeware
Microplush Geo Rug 110 x 160cm - Blush,19.99,homeware
Silver Shimmer Metallic Rug 100 x 150cm,45.0,homeware
Chunky Knit Rug 100 x 150cm - Silver,45.0,homeware
Luxury Faux Fur Rug 100 x 150cm - Blush,45.0,homeware
Shimmer Metallic Rug 100 x 150cm - Blush,45.0,homeware
Teddy Rug 100 x 150cm - Charcoal,45.0,homeware
Teddy Rug 100 x 150cm - Cream,45.0,homeware
Alaska Faux Fur Rug 100 x 150cm - Cream,30.0,homeware
Luxury Faux Fur Rug 100 x 150cm - Charcoal,45.0,homeware
Gatsby Foil Micro Plush Rug 100 x 150cm - Blush,20.0,homeware
Liberty Rug 100 x 150cm - Champagne,45.0,homeware
Nordic Cream Fur Rug 100 x 150cm,45.0,homeware
Micro Plush Rug 110 x 160cm - Navy,25.0,homeware
Aspen Faux Fur Rug 100 x 150cm - Black,45.0,homeware
Polygrip Denture Fixative Cream - Flavour Free,2.99,health-and-beauty
Polygrip Denture Fixative Cream - Flavour Free,2.99,health-and-beauty
Corsodyl Whitening Toothpaste 100ml,2.99,health-and-beauty
Corsodyl Daily Fluoride Toothpaste - Ultra Clean,2.99,health-and-beauty
Corsodyl Whitening Toothpaste 100ml,2.99,health-and-beauty
Johnson's Baby Powder 200g,1.0,health-and-beauty
Pink Wand Bath Fizzer 500g,1.99,health-and-beauty
Tie-Dye Slime Mega Set,12.99,toys-and-games
Vanilla & Amber Bath Fizzer 130g - Spaceship,1.0,health-and-beauty
Vanilla & Amber Bath Fizzer 130g - Lightening Bolt,1.0,health-and-beauty
Bath Bar Fizzer 130g - Grapefruit,1.49,health-and-beauty
Pink Wand Bath Fizzer 500g,1.99,health-and-beauty
Vanilla & Amber Bath Fizzer 130g - Spaceship,1.0,health-and-beauty
Vanilla & Amber Bath Fizzer 130g - Lightening Bolt,1.0,health-and-beauty
Bath Bar Fizzer 130g - Grapefruit,1.49,health-and-beauty
Cloud Bath Fizzer 300g - Bubblegum,1.99,health-and-beauty
Rocket Bath Fizzer 500g,1.99,health-and-beauty
Millions Bubblegum Bath Fizzer 200g,1.0,health-and-beauty
Millions Raspberry Bath Fizzer 200g,1.0,health-and-beauty
Walls Cornetto Bath Fizzer 200g,1.0,health-and-beauty
Walls Twister Bath Fizzer 200g,1.0,health-and-beauty
Raspberry Bath Fizzer 130g - Starfish,1.0,health-and-beauty
Watermelon Bath Fizzer 130g - Sea Turtle,1.0,health-and-beauty
Sunny Orange Bath Fizzer 130g - Sunflower,1.0,health-and-beauty
Sunny Orange Bath Fizzer 130g - Rose,1.0,health-and-beauty
Bath Bar Fizzer 130g - Sugar Berry,0.79,health-and-beauty
Bath Bar Fizzer 130g - Sweet Orange,0.79,health-and-beauty
Sudocrem Antiseptic Healing Cream 60g,1.99,health-and-beauty
Sudocrem Antiseptic Healing Cream 60g,1.99,health-and-beauty
Just Balmy 2D Wall's Lip Balm Set,4.0,health-and-beauty
Just Balmy 2D Barratt Sweet Treats Lip Balm Set,4.0,health-and-beauty
Skin Techniques Hydrogel Eye Mask 3pk - Lavender,1.0,health-and-beauty
Skin Techniques Hydrogel Eye Mask 3pk,1.0,health-and-beauty
Skin Techniques Gold Hydrogel Collagen Face Mask,1.0,health-and-beauty
Skin Techniques Gold Hydrogel Collagen Eye Mask,1.0,health-and-beauty
Skin Techniques Gold Hydrogel Collagen Lip Mask,1.0,health-and-beauty
Walls Cornetto Bath Fizzer 200g,1.0,health-and-beauty
Walls Twister Bath Fizzer 200g,1.0,health-and-beauty
Palmolive Natural Soap - Moisture Care 3 x 90g,1.0,health-and-beauty
Walls Cornetto Bath Fizzer 200g,1.0,health-and-beauty
Walls Twister Bath Fizzer 200g,1.0,health-and-beauty
Warburtons Seeded Loaf 800g,1.7,food-and-drink
Warburtons Medium Wholemeal Bread 800g,1.2,food-and-drink
Warburtons Farmhouse Bread 800g,1.35,food-and-drink
Warburtons Thickest White Bread 800g,1.25,food-and-drink
Warburtons Toastie White Bread 800g,1.25,food-and-drink
Munchies Caramel & Biscuit Sharing Bar 87g,1.0,food-and-drink
Cadbury Dairy Milk Advent Bar 270g,2.49,food-and-drink
Milkybar Gold Bar (Australia) 170g,2.99,food-and-drink
Milkybar Cookies Bar (Australia) 180g,2.99,food-and-drink
Cadbury Dairy Milk Winter Mint Crisp 360g,2.99,food-and-drink
Cadbury Dairy Milk Bar 95g,1.0,food-and-drink
Galaxy Milk 200g,2.0,food-and-drink
Cadbury Caramel Twirl Limited Edition 43g,0.69,food-and-drink
Me to You Hot Chocolate Stirrer 30g - Orange,1.0,food-and-drink
Me to You Hot Chocolate Stirrer 30g - Mint,1.0,food-and-drink
Me to You Hot Chocolate Stirrer 30g - Milk,1.0,food-and-drink
Nestle Galak Speculoos 125g,1.99,food-and-drink
Cadbury Dairy Milk Bar 200g,1.69,food-and-drink
Munchies Caramel & Biscuit Sharing Bar 87g,1.0,food-and-drink
Cadbury Dairy Milk Advent Bar 270g,2.49,food-and-drink
Milkybar Cookies Bar (Australia) 180g,2.99,food-and-drink
Cadbury Dairy Milk Winter Mint Crisp 360g,2.99,food-and-drink
Yorkie Orange 46g,0.49,food-and-drink
Cadbury Dairy Milk Bar 95g,1.0,food-and-drink
Galaxy Milk 200g,2.0,food-and-drink
Milkybar Gold Bar (Australia) 170g,2.99,food-and-drink
Milkybar Cookies Bar (Australia) 180g,2.99,food-and-drink
Lucky Charms Cereal 422g,4.29,food-and-drink
Malt-O-Meal Marshmallow Mateys Cereal 320g,2.19,food-and-drink
Haribo Giant Trees 160g,0.89,food-and-drink
Swizzles Sweetshop Favourites Box 450g,2.99,food-and-drink
Swizzles Sweetshop Favourites Box 324g,1.99,food-and-drink
The Natural Confectionery Co Juicy Snakes 130g,1.0,food-and-drink
Maynards Sports Mix Juices 130g,1.0,food-and-drink
Maynards Wine Gums Juices 130g,1.0,food-and-drink
Skittles Pouch 152g,1.0,food-and-drink
Skittles Giant Sour Pouch 141g,1.0,food-and-drink
Olde Sam's Sweet Shoppe Fruit Jellies 230g,1.0,food-and-drink
Werther's Original Sugar Free Creamy Toffees 80g,1.0,food-and-drink
Paw Patrol Magnetic Scribbler,12.99,toys-and-games
Werther's Original Butter Candies Sugar Free 80g,1.0,food-and-drink
Zed Candy Mixed Case Minis Jelly Beans 50g - Yellow,1.0,food-and-drink
Zed Candy Mixed Case Minis Jelly Beans 50g - Green,1.0,food-and-drink
Zed Candy Mixed Case Minis 50g - Mini Gumballs,1.0,food-and-drink
Zed Candy Mixed Case Minis 50g - Mini Chews,1.0,food-and-drink
Zed Candy Mini Refills 100g - Mini Gumballs,0.69,food-and-drink
Zed Candy Mini Refills 100g - Mini Jelly Beans,0.69,food-and-drink
Zed Candy Mini Refills 100g - Mini Chews,0.69,food-and-drink
Skittles Squishy Cloudz Sourz 94g,1.0,food-and-drink
Cosatto Cosy Dolls Pram,30.0,toys-and-games
Skittles Squishy Cloudz Fruits 94g,1.0,food-and-drink
Swizzels Scrumptious Sweets 351g,2.0,food-and-drink
Werther's Original Vanilla Cream Soft Caramels 125g,1.0,food-and-drink
Rowntree's Randoms - Squidgy Swirls 92g,1.0,food-and-drink
Haribo Giant Trees 160g,0.89,food-and-drink
Swizzles Sweetshop Favourites Box 450g,2.99,food-and-drink
Swizzles Sweetshop Favourites Box 324g,1.99,food-and-drink
The Natural Confectionery Co Juicy Snakes 130g,1.0,food-and-drink
Maynards Sports Mix Juices 130g,1.0,food-and-drink
Maynards Wine Gums Juices 130g,1.0,food-and-drink
Skittles Pouch 152g,1.0,food-and-drink
Skittles Giant Sour Pouch 141g,1.0,food-and-drink
Olde Sam's Sweet Shoppe Fruit Jellies 230g,1.0,food-and-drink
Fox's Winter Dessert Selection 250g,3.49,food-and-drink
Fox's Festive Snowman Selection Tin 350g,5.49,food-and-drink
Fox's Fabulous Viennese Biscuit Selection 350g,3.5,food-and-drink
Highland Signature Selection Shortbread 500g,2.49,food-and-drink
Highland Classic Shortbread Selection 500g,2.49,food-and-drink
Fox's Brandy Snaps 100g,1.0,food-and-drink
Highland Directors Selection Shortbread 1kg,4.0,food-and-drink
Danish Cookies 375g,1.0,food-and-drink
The Skinny Cookie Co Sugar Free Choc Chip Cookies 230g,1.0,food-and-drink
Lotus Biscoff Belgian Chocolate Biscuits 132g,1.0,food-and-drink
Maryland Choc Chip Cookies Twin Pack 230g,1.0,food-and-drink
Nestle Yorkie Biscuits 3pk - Raisin & Biscuit,1.25,food-and-drink
Fox's Winter Dessert Selection 250g,3.49,food-and-drink
Fox's Festive Snowman Selection Tin 350g,5.49,food-and-drink
Fox's Fabulous Viennese Biscuit Selection 350g,3.5,food-and-drink
Highland Signature Selection Shortbread 500g,2.49,food-and-drink
Highland Classic Shortbread Selection 500g,2.49,food-and-drink
Fox's Brandy Snaps 100g,1.0,food-and-drink
Highland Directors Selection Shortbread 1kg,4.0,food-and-drink
Danish Cookies 375g,1.0,food-and-drink
Nestle Cheerios 300g,1.29,food-and-drink
Lotus Biscoff Spread 200g,1.25,food-and-drink
Jaffa Cakes Tube 500g,3.0,food-and-drink
Oreo Original - Let it Snow With Oreo 440g,3.0,food-and-drink
Fry's Turkish Delight Cherry Mini Bars 7pk,1.0,food-and-drink
Jaffa Cakes Tube 500g,3.0,food-and-drink
Oreo Original - Let it Snow With Oreo 440g,3.0,food-and-drink
Fry's Turkish Delight Cherry Mini Bars 7pk,1.0,food-and-drink
Nestle Yorkie Biscuits 3pk - Raisin & Biscuit,1.25,food-and-drink
Nescafe Dolce Gusto - Latte Machiato 16pk,3.69,food-and-drink
Nescafe Dolce Gusto - Flat White 16pk,3.69,food-and-drink
Kenco Millicano Americano Original 170g,5.49,food-and-drink
Hot Chocolate Christmas Crackers 7pk,4.0,food-and-drink
Nescafe Original Extraforte 230g,3.29,food-and-drink
L'Or Classique Instant Coffee 165g,4.79,food-and-drink
Nescafe Azera Americano Coffee 100g,3.29,food-and-drink
Nescafe Dolce Gusto - Latte Machiato 16pk,3.69,food-and-drink
Nescafe Dolce Gusto - Flat White 16pk,3.69,food-and-drink
Kenco Millicano Americano Original 170g,5.49,food-and-drink
Hot Chocolate Christmas Crackers 7pk,4.0,food-and-drink
Nescafe Original Extraforte 230g,3.29,food-and-drink
L'Or Classique Instant Coffee 165g,4.79,food-and-drink
Nescafe Azera Americano Coffee 100g,3.29,food-and-drink
Kenco Rich Coffee 200g,5.0,food-and-drink
Paxo Turkey & Bacon Stuffing Mix 170g,1.49,food-and-drink
Paxo Sage & Onion Stuffing Mix 340g,2.69,food-and-drink
PEK Chopped Pork Gold 170g,1.25,food-and-drink
Fray Bentos Minced Beef & Onion 425g,1.89,food-and-drink
Hertford Corned Beef 340g,2.49,food-and-drink
John West Pink Salmon in Brine 3 x 132g,3.99,food-and-drink
Heinz Ketchup 570g,2.0,food-and-drink
Ocean Fresh Tuna Chunks in Oil 5 x 145g,3.39,food-and-drink
Princes Corned Beef 200g,0.5,food-and-drink
Heinz Tomato Soup 4 x 400g,3.39,food-and-drink
Lotus Biscoff Spread 200g,1.25,food-and-drink
Fray Bentos Steak & Gravy 425g,1.89,food-and-drink
Paxo Turkey & Bacon Stuffing Mix 170g,1.49,food-and-drink
Paxo Sage & Onion Stuffing Mix 340g,2.69,food-and-drink
PEK Chopped Pork Gold 170g,1.25,food-and-drink
Fray Bentos Minced Beef & Onion 425g,1.89,food-and-drink
Hertford Corned Beef 340g,2.49,food-and-drink
John West Pink Salmon in Brine 3 x 132g,3.99,food-and-drink
Ocean Fresh Tuna Chunks in Oil 5 x 145g,3.39,food-and-drink
Princes Corned Beef 200g,0.5,food-and-drink
The Modern Gourmet Hot Sauce Challenge 206g,5.0,food-and-drink
HP Honey BBQ Sauce 465g,2.0,food-and-drink
Heinz Mayonnaise 395g,1.25,food-and-drink
Bisto Gravy Granules 200g - Beef,1.25,food-and-drink
Heinz Tomato Ketchup 300ml,1.29,food-and-drink
Heinz Seriously Good Mayonnaise 800ml,2.79,food-and-drink
Dynamite Hot Sauce 5pk,5.0,food-and-drink
Street Food Sauces Van 8pk,7.0,food-and-drink
Heinz Ketchup 570g,2.0,food-and-drink
The Modern Gourmet Hot Sauce Challenge 206g,5.0,food-and-drink
HP Honey BBQ Sauce 465g,2.0,food-and-drink
Heinz Mayonnaise 395g,1.25,food-and-drink
Bisto Gravy Granules 200g - Beef,1.25,food-and-drink
Heinz Tomato Ketchup 300ml,1.29,food-and-drink
Heinz Seriously Good Mayonnaise 800ml,2.79,food-and-drink
Dynamite Hot Sauce 5pk,5.0,food-and-drink
Street Food Sauces Van 8pk,7.0,food-and-drink
Matchmakers Honeycomb 120g,1.25,food-and-drink
Quality Street Chocolates 240g,2.0,food-and-drink
Thorntons Pearls Salted Caramel Chocolates 167g,3.5,food-and-drink
Thorntons Pearls Hazelnut Delight Chocolates 167g,3.5,food-and-drink
Thorntons Continental Chocolates 131g,3.99,food-and-drink
Grand Ferrero Rocher 125g,3.99,food-and-drink
Mrs Tilly's Festive Brandy Fudge 400g,3.99,food-and-drink
Jaffa Cakes Hamper 391g,4.0,food-and-drink
Fox's Chocolatey Biscuit Selection Tin,4.25,food-and-drink
Oreo Festive Favourites Selection 170g,2.0,food-and-drink
McVities Victoria Biscuit Selection 550g,4.0,food-and-drink
McVities Chocolate Creations Carton 400g,5.0,food-and-drink
McVities Victoria Biscuit Selection 275g,2.5,food-and-drink
Georgia Lilly Belgian Chocolate Seashells 195g,2.0,food-and-drink
McVities Family Circle 310g,1.5,food-and-drink
Cadbury Festive Friends 150g,0.89,food-and-drink
McVitie's BN Chocolate Flavoured Biscuits 285g,1.0,food-and-drink
Toffifee White Chocolate 15pcs 125g,1.25,food-and-drink
McVitie's BN Vanilla Flavoured Biscuits 285g,1.0,food-and-drink
Galaxy Chocolate Hamper,5.0,food-and-drink
Me to You Chocolate Rose 18g - Purple,1.0,food-and-drink
Baileys Strawberries & Cream Heart Shaped Chocolates 90g,2.99,food-and-drink
Hamlet Belgian Chocolate Truffles 150g,2.0,food-and-drink
Baileys Luxury Fudge 170g,3.0,food-and-drink
Baileys Chocolate Covered Caramels 90g,2.0,food-and-drink
Matchmakers Honeycomb 120g,1.25,food-and-drink
Quality Street Chocolates 240g,2.0,food-and-drink
Thorntons Pearls Salted Caramel Chocolates 167g,3.5,food-and-drink
Thorntons Pearls Hazelnut Delight Chocolates 167g,3.5,food-and-drink
Thorntons Continental Chocolates 131g,3.99,food-and-drink
Grand Ferrero Rocher 125g,3.99,food-and-drink
Mrs Tilly's Festive Brandy Fudge 400g,3.99,food-and-drink
Jaffa Cakes Hamper 391g,4.0,food-and-drink
Fox's Chocolatey Biscuit Selection Tin,4.25,food-and-drink
Oreo Festive Favourites Selection 170g,2.0,food-and-drink
McVities Victoria Biscuit Selection 550g,4.0,food-and-drink
McVities Chocolate Creations Carton 400g,5.0,food-and-drink
McVities Victoria Biscuit Selection 275g,2.5,food-and-drink
Georgia Lilly Belgian Chocolate Seashells 195g,2.0,food-and-drink
McVities Family Circle 310g,1.5,food-and-drink
Cadbury Festive Friends 150g,0.89,food-and-drink
McVitie's BN Chocolate Flavoured Biscuits 285g,1.0,food-and-drink
Toffifee White Chocolate 15pcs 125g,1.25,food-and-drink
FurReal Dazzlin' Dimples My Playful Dolphin,39.99,toys-and-games
Tiffany's World Day Out At The Park,12.99,toys-and-games
Light Up Secret Hideout Tent,22.0,toys-and-games
Light Up Army Hideout Tent,22.0,toys-and-games
Tiffany's World Fabulous Food Truck,20.0,toys-and-games
Treasure X Dino Gold Pterodactyl Dino Dissection,16.99,toys-and-games
Tiffany's World Pups Picnic Playset,7.0,toys-and-games
Tiffany's World Wildlife Park Adventures,12.99,toys-and-games
McVitie's BN Vanilla Flavoured Biscuits 285g,1.0,food-and-drink
Cadbury Dairy Milk Caramel Nibbles 95g,1.25,food-and-drink
Cadbury Dairy Milk Caramilk Buttons 90g,1.25,food-and-drink
Batchelors Savoury Rice Golden 90g,0.69,food-and-drink
Batchelors Savoury Rice Chicken 90g,0.69,food-and-drink
Blue Dragon Egg Fried Rice 250g,0.69,food-and-drink
Blue Dragon Long Grain Rice 250g,0.69,food-and-drink
Pataks Original Basmati Pilau 250g,0.69,food-and-drink
Cocomelon Magnetic Scribbler,12.99,toys-and-games
Peppa Pig House Felties,7.0,toys-and-games
Paw Patrol Walkie Talkies,12.99,toys-and-games
Peppa Pig 3D Walkie Talkies,12.99,toys-and-games
Pataks Original Basmati Rice 250g,0.69,food-and-drink
Pastazara Spaghetti 500g,0.75,food-and-drink
Face Oil Burner,4.0,homeware
Pastazara Spirali 500g,0.75,food-and-drink
Me to You Chocolate Rose 18g - Purple,1.0,food-and-drink
Baileys Strawberries & Cream Heart Shaped Chocolates 90g,2.99,food-and-drink
Hamlet Belgian Chocolate Truffles 150g,2.0,food-and-drink
Baileys Luxury Fudge 170g,3.0,food-and-drink
Baileys Chocolate Covered Caramels 90g,2.0,food-and-drink
Terry's Segsations Pouch 360g,3.5,food-and-drink
Munchies 216g,2.0,food-and-drink
Aero Peppermint Bubbles 201g,2.0,food-and-drink
Cadbury Dairy Milk Caramel Nibbles 95g,1.25,food-and-drink
Cadbury Dairy Milk Caramilk Buttons 90g,1.25,food-and-drink
Cadbury Dairy Milk White Giant Buttons 95g,1.25,food-and-drink
Aero Chocolate Melts 92g,1.25,food-and-drink
My Crawling Bear,12.99,toys-and-games
Ultimate Glamour Kit,12.99,toys-and-games
Zuru X-Shot Dread - Boom,12.0,toys-and-games
Light Up Secret Hideout Tent,22.0,toys-and-games
LEGO Technic Ducati Panigale V4 R Motorbike,36.49,toys-and-games
Scooby Snacks Steak Sensations 700g,3.25,pets
Tromso Multi-Section Shelf - Gold,8.0,homeware
Dried Grass Bunch,6.0,homeware
Dried Black Bunny Tail Bunch,6.0,homeware
Maine Toilet Roll Holder - White,20.0,homeware
Goodmans Grey Geo Kettle,25.0,homeware
Milkybar Gold Bar (Australia) 170g,2.99,food-and-drink
Kenco Rich Coffee 200g,5.0,food-and-drink
"Batchelors Pasta 'n' Sauce Cheese, Leek & Ham 99g",0.75,food-and-drink
Batchelors Pasta Sauce Chicken & Mushroom 99g,0.75,food-and-drink
Batchelors Super Noodles 90g Mild Curry Flavour,0.75,food-and-drink
Batchelors Super Noodles 90g BBQ Beef Flavour,0.75,food-and-drink
Batchelors Super Noodles 90g Chicken Flavour,0.75,food-and-drink
Pastazara Spirali Tricolore 500g,0.85,food-and-drink
Pot Noodle Bombay Bad Boy 90g,0.89,food-and-drink
Pot Noodle Beef and Tomato Flavour 90g,0.89,food-and-drink
Pot Noodle Chicken & Mushroom 90g,0.89,food-and-drink
Veetee Dine In Basmati Rice 280g,1.0,food-and-drink
Pot Noodle Fusion Chilli Chicken 100g,1.1,food-and-drink
King Pot Noodle Original Curry Flavour 114g,1.1,food-and-drink
King Pot Noodle Chicken & Mushroom 114g,1.1,food-and-drink
King Pot Noodle Bombay Bad Boy 114g,1.1,food-and-drink
Batchelors Savoury Rice Golden 90g,0.69,food-and-drink
Batchelors Savoury Rice Chicken 90g,0.69,food-and-drink
Blue Dragon Egg Fried Rice 250g,0.69,food-and-drink
Aero Caramel Melts 92g,1.25,food-and-drink
Cadbury Dairy Milk Little Robins 77g,1.0,food-and-drink
Aero Peppermint Bubbles 80g,1.25,food-and-drink
Blue Dragon Long Grain Rice 250g,0.69,food-and-drink
Pataks Original Basmati Pilau 250g,0.69,food-and-drink
Pataks Original Basmati Rice 250g,0.69,food-and-drink
Pastazara Spaghetti 500g,0.75,food-and-drink
Pastazara Spirali 500g,0.75,food-and-drink
"Batchelors Pasta 'n' Sauce Cheese, Leek & Ham 99g",0.75,food-and-drink
Batchelors Pasta Sauce Chicken & Mushroom 99g,0.75,food-and-drink
Lotus Biscoff Spread 200g,1.25,food-and-drink
Cluedo,13.99,toys-and-games
LEGO Minecraft The Abandoned Village,33.49,toys-and-games
Zuru Oosh Slime - Pink,3.99,toys-and-games
Light Up Secret Hideout Tent,22.0,toys-and-games
Cheese Bone Dog Chew 110g - Medium,5.99,pets
Matte Black Vase,8.0,homeware
Rubin Crinkle King Duvet Set with Ties - Black,25.0,homeware
"Jenson Geo Velvet Panel 54 x 86"" - Grey",20.0,homeware
Yorkie Orange 46g,0.49,food-and-drink
Galaxy Chocolate Hamper,5.0,food-and-drink
Terry's Chocolate Orange Minis 95g,1.0,food-and-drink
Betty Crocker Vanilla Buttercream Style Icing 400g,2.0,food-and-drink
Home Essentials Rug Grip Tape 7m,3.99,diy
Stanley Fibreglass Claw Hammer 16oz,8.99,diy
UniBond No More Nails Quick Drying Adhesive 290g,8.99,diy
UniBond No More Nails Click & Fix 30g,5.99,diy
Terry's Segsations Pouch 360g,3.5,food-and-drink
Munchies 216g,2.0,food-and-drink
Aero Peppermint Bubbles 201g,2.0,food-and-drink
UniBond No More Nails Original Grab Adhesive 365g,3.99,diy
Loctite Powerflex Superglue 3g,3.99,diy
UniBond No More Nails Waterproof Cartridge 450g,6.99,diy
Home Essentials Anti Slip Rug Mat,5.99,diy
Home Essentials Reusable Corner Rug Grips 8pk,2.99,diy
Home Essentials Rug Grip Tape 7m,3.99,diy
Master Lock Locking Hasp 117mm,6.99,diy
Master Lock Excell Octagonal Shackle Padlock,9.99,diy
Master Lock Excell Round Padlock 70mm,9.99,diy
UniBond Wall Tile Adhesive and Grout Triple Protect - White 1.28kg,7.49,diy
UniBond RE-NEW Kitchen & Bathroom Sealant 100ml - White,6.99,diy
RAC 12V Wet & Dry Vacuum,18.0,diy
Goodmans Qi Autosense In Car Phone Holder,15.0,diy
Goodmans Qi Wireless Charging Phone Stand,15.0,diy
RAC 12V Wet & Dry Vacuum,18.0,diy
Goodmans Qi Autosense In Car Phone Holder,15.0,diy
Beldray Telescopic Ladder 2.9m,69.0,diy
Betty Crocker Indulgent Chocolate Fudge Icing 400g,2.0,food-and-drink
Tate & Lyle Cane Sugar Granulated 1kg,0.89,food-and-drink
Winterfold Grey Oak Effect Laminate Flooring 2.22sqm Pack,26.64,diy
Darwin Oak Effect Laminate Flooring 2.47sqm Pack,22.23,diy
Portable Power Washer 8L,9.0,diy
Wykeham Walnut Effect Laminate Flooring 2.47sqm Pack,10.0,diy
Portable Power Washer 8L,9.0,diy
Home Essentials Anti Slip Rug Mat,5.99,diy
Home Essentials Reusable Corner Rug Grips 8pk,2.99,diy
